SCHOOL_NUMBER,ELIGIBLE_TO_GRAD_COUNT,GRAD_COUNT,GRADUATION_RATE,HONOURS_GRAD_COUNT,HONOURS_GRADUATION_RATE,Unnamed: 0,MINCODE,DISTRICT_NUMBER_x,NUM_OF_SCHOOLS_IN_DATA_LEVEL,TOTAL_CLASSES,CLASSES_WITH_ED_ASSIST,TOTAL_CLASSES_GREATER_30,AVG_CLASS_SIZE_K,AVG_CLASS_SIZE_1_3,AVG_CLASS_SIZE_4_7,AVG_CLASS_SIZE_8_12,DISTRICT_NUMBER_y,GRADE_8,GRADE_9,GRADE_10,GRADE_11,GRADE_12
1010006,25.86206896551724,24.551724137931036,94.84482758620688,12.948275862068966,51.01724137931034,3,1010006,10.0,1,93.46153846153848,19.779257553743104,6.733835931510352,18.04641057474624,20.101066897347074,24.568234505862414,16.23846153846154,10.0,4221.0,4128.0,3689.0,2664.0,2268.0
1010011,14.555555555555555,12.888888888888891,88.8888888888889,6.666666666666668,45.33333333333334,4,1010011,10.0,1,43.30769230769231,18.084443165307327,8.619473549706111,13.576923076923075,15.346153846153848,15.192307692307693,11.123076923076923,10.0,634.0,805.0,598.0,559.0,451.0
1919003,56.880597014925364,55.94029850746269,98.4776119402985,21.46268656716418,38.28358208955224,6,1919003,19.0,1,106.76923076923076,37.53846153846154,5.386659851776131,18.04641057474624,20.101066897347074,24.568234505862414,20.69230769230769,19.0,6521.0,4544.0,4627.0,4757.0,3835.0
2009010,79.33333333333333,76.14492753623189,95.7391304347826,35.95652173913044,45.23188405797102,13,2009010,20.0,1,141.69230769230768,18.384615384615387,4.835037055967289,18.04641057474624,20.101066897347074,23.25529339002685,23.200000000000006,20.0,10598.0,7766.0,6773.0,6437.0,5575.0
2011012,99.72,97.22666666666667,97.05333333333333,48.64,45.8,19,2011012,20.0,1,195.6923076923077,28.31270569994848,6.6305903398926676,18.04641057474624,20.101066897347074,24.568234505862414,24.261538461538464,20.0,13596.0,12847.0,9673.0,9391.0,8351.0
2011014,46.57142857142857,45.914285714285704,98.48571428571428,25.457142857142852,54.771428571428565,20,2011014,20.0,1,50.615384615384606,15.307692307692307,6.4767441860465125,18.61729800178644,20.63134371395612,26.169230769230765,22.161538461538463,20.0,2866.0,2765.0,1728.0,1762.0,1508.0
2222007,90.34722222222223,86.84722222222223,96.05555555555556,45.72222222222222,47.01388888888889,27,2222007,22.0,1,151.0,17.779257553743093,9.949399437771529,18.04641057474624,20.101066897347074,24.568234505862414,24.29230769230769,22.0,10302.0,9058.0,9065.0,8741.0,6340.0
2222017,118.14864864864865,114.54054054054056,96.56756756756756,61.270270270270274,49.33783783783784,35,2222017,22.0,1,166.0769230769231,20.31771909220464,8.617429082545362,18.04641057474624,20.101066897347074,24.509139543873,23.2,22.0,10040.0,8719.0,8997.0,9692.0,7959.0
2222022,100.4,98.55,98.1,60.93333333333333,61.31666666666667,38,2222022,22.0,1,105.30769230769229,11.933103707589257,7.3734985944288285,18.04641057474624,20.101066897347074,24.524524159257606,23.330769230769228,22.0,5784.0,5502.0,5942.0,6423.0,5942.0
2222025,98.11111111111113,96.77777777777777,98.56944444444444,46.77777777777778,45.65277777777778,40,2222025,22.0,1,99.76923076923076,18.397148865255797,6.386659851776132,18.04641057474624,20.101066897347074,24.568234505862414,23.29230769230769,22.0,6855.0,5355.0,5232.0,4813.0,4453.0
2222027,42.7313432835821,41.014925373134325,95.82089552238806,17.26865671641791,40.65671641791045,42,2222027,22.0,1,63.69230769230769,16.01002678451233,6.887682085356506,18.04641057474624,20.101066897347074,23.20280530859421,20.49230769230769,22.0,2655.0,3005.0,3144.0,2950.0,2527.0
2323005,15.585365853658535,14.439024390243905,92.6829268292683,3.2926829268292686,20.170731707317074,47,2323005,23.0,1,8.0,8.0,9.17109634551495,18.046410574746247,20.101066897347078,24.568234505862414,21.4,23.0,0.0,0.0,67.0,37.0,67.0
2323028,101.64444444444445,100.15555555555555,98.6,46.64444444444445,43.488888888888894,54,2323028,23.0,1,158.25,21.129073381208133,8.25,18.046410574746247,20.101066897347078,24.568234505862414,23.55,23.0,8110.0,6613.0,5307.0,5127.0,4240.0
2323044,218.57142857142856,212.22619047619045,96.79761904761904,102.76190476190477,41.77380952380953,64,2323044,23.0,1,251.61538461538458,62.617891311512686,19.859315103501142,18.04641057474624,20.101066897347074,24.568234505862414,22.74615384615385,23.0,0.0,6269.0,21388.0,19964.0,18211.0
2323051,249.7439024390244,245.8292682926829,98.42682926829269,122.53658536585364,44.47560975609756,70,2323051,23.0,1,270.15384615384613,57.384615384615394,26.153846153846153,18.04641057474624,20.101066897347074,24.568234505862414,22.96923076923077,23.0,1.0,0.0,27791.0,24532.0,19880.0
2323059,144.02439024390245,143.3658536585366,99.51219512195122,90.39024390243902,62.04878048780488,74,2323059,23.0,1,193.75,18.008146762416263,37.75,18.046410574746247,20.101066897347078,24.568234505862414,26.0375,23.0,10414.0,8164.0,8080.0,7232.0,6064.0
2323076,308.86746987951807,301.3734939759036,97.02409638554217,170.07228915662648,48.325301204819276,86,2323076,23.0,1,435.1538461538461,63.38712208074347,31.84615384615385,18.04641057474624,20.101066897347074,24.568234505862414,23.70769230769231,23.0,0.0,22.0,44487.0,43632.0,36287.0
2323080,79.57692307692308,78.80769230769229,98.8846153846154,47.615384615384606,57.03846153846154,90,2323080,23.0,1,218.2,64.8,8.6,18.046410574746247,20.101066897347078,26.28,22.880000000000006,23.0,4854.0,3085.0,2645.0,2478.0,1760.0
2323081,135.58333333333334,134.70833333333334,99.04166666666669,107.125,75.33333333333333,91,2323081,23.0,1,294.8,93.8,14.2,18.046410574746247,20.101066897347078,26.58,23.28,23.0,6167.0,3944.0,4084.0,3814.0,3036.0
2727047,83.37209302325581,74.90697674418605,89.06976744186045,28.069767441860467,30.627906976744185,109,2727047,27.0,1,170.57142857142858,10.16147831409433,7.383483626008543,18.046410574746247,20.101066897347078,24.568234505862414,22.985714285714288,27.0,4774.0,6278.0,5941.0,5331.0,4746.0
2727056,78.41666666666667,75.41666666666667,95.91666666666669,26.222222222222218,32.263888888888886,112,2727056,27.0,1,142.84615384615384,17.25834288817814,5.2196524405826725,18.04641057474624,20.101066897347074,24.216831851565303,20.115384615384613,27.0,4213.0,3427.0,7969.0,7748.0,7215.0
2727069,55.26666666666666,47.755555555555546,84.1111111111111,20.422222222222217,32.86666666666667,119,2727069,27.0,1,111.85714285714286,12.451847892617913,6.906027527289988,18.046410574746247,20.101066897347078,24.568234505862414,23.0,27.0,3186.0,3900.0,3773.0,3560.0,2842.0
2727072,113.82857142857141,102.97142857142859,88.48571428571428,47.88571428571429,36.34285714285714,122,2727072,27.0,1,358.0,21.527155874720894,9.97591362126246,18.046410574746247,20.101066897347078,18.25,21.7,27.0,8045.0,6785.0,6003.0,6140.0,5570.0
2828004,105.94736842105264,100.2105263157895,94.26315789473685,47.842105263157904,42.1578947368421,124,2828004,28.0,1,144.53846153846158,39.0,7.092128801431129,18.04641057474624,20.101066897347074,24.568234505862414,22.715384615384608,28.0,17247.0,16759.0,2091.0,2148.0,2063.0
2828034,125.6625,119.725,95.3875,54.8125,38.675,133,2828034,28.0,1,139.23076923076923,33.622904703768874,4.129568106312292,18.04641057474624,20.101066897347074,24.568234505862414,23.907692307692304,28.0,2998.0,2590.0,12255.0,11692.0,11009.0
2899005,10.5,10.0,95.0,1.5,15.0,139,2899005,28.0,1,22.0,22.0,9.17109634551495,18.046410574746247,20.101066897347078,24.568234505862414,12.3,28.0,0.0,0.0,124.0,61.0,51.0
3333012,166.22619047619048,153.77380952380952,91.67857142857143,66.83333333333333,35.17857142857143,148,3333012,33.0,1,214.0769230769231,43.92307692307693,12.949399437771527,18.04641057474624,20.101066897347074,24.568234505862414,24.476923076923075,33.0,0.0,0.0,19970.0,19678.0,18016.0
3333018,227.14117647058828,215.27058823529413,94.47058823529413,109.71764705882352,43.38823529411765,153,3333018,33.0,1,246.6923076923077,39.384615384615394,17.334014822386912,18.04641057474624,20.101066897347074,24.568234505862414,25.515384615384622,33.0,0.0,1.0,23740.0,24475.0,22586.0
3333043,88.7936507936508,81.6825396825397,91.04761904761904,35.53968253968254,35.650793650793645,167,3333043,33.0,1,256.0833333333333,38.75,9.097591362126249,18.046410574746247,20.101066897347074,26.750000000000004,23.53333333333333,33.0,17805.0,11417.0,10362.0,8685.0,7161.0
3434022,146.9156626506024,140.36144578313252,95.07228915662651,57.45783132530121,33.963855421686745,179,3434022,34.0,1,173.76923076923077,43.30769230769231,11.463582928699207,18.04641057474624,20.101066897347074,24.568234505862414,23.238461538461536,34.0,0.0,10993.0,11134.0,13128.0,11637.0
3434038,170.50617283950618,165.9259259259259,96.91358024691358,102.61728395061728,55.09876543209877,191,3434038,34.0,1,177.76923076923077,23.461538461538463,15.322898032200351,18.04641057474624,20.101066897347074,24.568234505862414,25.192307692307697,34.0,0.0,13365.0,13867.0,14463.0,11664.0
3434041,190.18072289156623,183.8674698795181,95.92771084337349,102.53012048192772,47.85542168674698,193,3434041,34.0,1,217.46153846153842,21.848660542281927,12.155890621006893,18.04641057474624,20.101066897347074,24.568234505862414,25.79230769230769,34.0,0.0,16659.0,17002.0,17522.0,15697.0
3434052,117.54794520547944,112.5068493150685,95.04109589041096,57.342465753424655,44.19178082191781,204,3434052,34.0,1,114.0,18.23076923076923,16.245974955277276,18.04641057474624,20.101066897347074,24.568234505862414,25.415384615384607,34.0,0.0,8591.0,8564.0,9507.0,8272.0
3434054,130.79746835443038,126.2278481012658,96.51898734177216,64.45569620253164,44.493670886075954,206,3434054,34.0,1,148.76923076923075,25.384615384615387,13.861359570661893,18.04641057474624,20.101066897347074,24.568234505862414,24.75384615384615,34.0,0.0,11294.0,11556.0,11208.0,9096.0
3434061,78.85,74.68333333333334,94.46666666666668,41.75,51.38333333333333,213,3434061,34.0,1,98.46153846153848,7.3946421691277155,11.694352159468439,18.04641057474624,20.101066897347074,24.568234505862414,24.861538461538462,34.0,0.0,9628.0,7500.0,6884.0,5368.0
3434062,30.0,28.4,94.6,9.2,31.0,214,3434062,34.0,1,22.0,8.925583619205007,8.067850753897268,18.04641057474624,20.101066897347074,26.646153846153847,24.81538461538461,34.0,1715.0,999.0,658.0,407.0,238.0
3434064,28.54545454545455,27.96969696969697,98.0909090909091,14.12121212121212,46.84848484848485,215,3434064,34.0,1,44.0,12.629073381208133,8.149709302325583,18.046410574746247,20.101066897347078,24.568234505862414,19.975,34.0,0.0,1784.0,1597.0,1400.0,1227.0
3535007,11.5,11.0,96.0,0.21428571428571427,2.142857142857143,219,3535007,35.0,1,25.0,25.0,9.17109634551495,18.046410574746247,20.101066897347078,9.0,15.6,35.0,2.0,4.0,96.0,77.0,89.0
3535019,109.1125,101.8,92.6125,40.0,33.425,225,3535019,35.0,1,152.69230769230768,32.54096823458962,7.872476360848454,18.04641057474624,20.101066897347074,24.568234505862414,22.807692307692317,35.0,1153.0,10085.0,9604.0,10474.0,9511.0
3535020,100.82894736842104,91.90789473684212,90.93421052631581,36.30263157894737,33.0,226,3535020,35.0,1,141.84615384615384,52.07692307692307,8.771275236391519,18.04641057474624,20.101066897347074,24.568234505862414,21.423076923076927,35.0,3300.0,8516.0,7976.0,8510.0,7558.0
3535029,79.3225806451613,77.54838709677419,97.43548387096773,51.838709677419345,64.19354838709678,231,3535029,35.0,1,174.38461538461542,30.69230769230769,11.026322514694607,18.23157817863144,21.16923076923077,29.784615384615392,22.99230769230769,35.0,6239.0,8611.0,9465.0,8515.0,7415.0
3535031,76.2,64.3,84.0,19.2,25.8,232,3535031,35.0,1,158.0,21.516293524832534,15.0,18.046410574746247,20.101066897347078,24.568234505862414,21.45,35.0,1386.0,1430.0,1354.0,1329.0,994.0
3535034,99.11688311688313,92.79220779220779,93.15584415584415,41.18181818181818,38.298701298701296,235,3535034,35.0,1,196.15384615384616,58.846153846153854,13.347176079734215,18.04641057474624,20.101066897347074,24.568234505862414,21.26923076923077,35.0,13009.0,8980.0,8814.0,9212.0,7473.0
3535036,120.1,115.1375,95.1375,47.425,34.325,237,3535036,35.0,1,386.1538461538461,73.07942977305116,11.55162279580884,18.04641057474624,20.101066897347074,22.99375492848839,22.77692307692308,35.0,21663.0,21289.0,22135.0,20732.0,16482.0
3535041,123.91780821917808,121.12328767123287,97.45205479452056,64.17808219178083,46.342465753424655,242,3535041,35.0,1,286.38461538461536,48.846153846153854,14.397776641962688,18.04641057474624,20.101066897347074,23.062985697719153,24.48461538461539,35.0,10865.0,19462.0,18554.0,17668.0,14042.0
3535050,194.2142857142857,188.17857142857144,96.15476190476191,99.98809523809523,44.89285714285715,251,3535050,35.0,1,615.5384615384615,84.0,22.116406848964992,18.04641057474624,20.101066897347074,24.568234505862414,24.384615384615394,35.0,46030.0,35453.0,36548.0,32258.0,25784.0
3535056,73.18181818181819,71.6,97.87272727272727,45.32727272727273,60.83636363636364,257,3535056,35.0,1,133.69230769230768,49.30769230769231,8.347176079734218,18.04641057474624,20.101066897347074,29.382171885066338,23.26923076923077,35.0,9744.0,9547.0,6947.0,5162.0,3835.0
3599092,14.555555555555555,11.833333333333336,81.77777777777777,1.4444444444444444,10.222222222222221,264,3599092,35.0,1,35.0,28.0,2.0,18.046410574746247,20.101066897347078,24.568234505862414,18.8,35.0,57.0,87.0,141.0,137.0,201.0
3599173,13.61904761904762,9.80952380952381,71.0,0.5238095238095238,4.142857142857143,265,3599173,35.0,1,54.0,15.032587049665075,9.17109634551495,18.046410574746247,20.101066897347078,24.568234505862414,3.2,35.0,0.0,0.0,15.0,7.0,8.0
3599201,14.666666666666664,11.0,75.0,0.0,0.0,266,3599201,35.0,1,7.0,7.0,9.17109634551495,18.046410574746247,20.101066897347078,24.568234505862414,6.4,35.0,0.0,0.0,1.0,2.0,8.0
3599202,11.666666666666664,9.0,77.5,0.5,5.0,267,3599202,35.0,1,10.0,4.0,9.17109634551495,18.046410574746247,20.101066897347078,24.568234505862414,7.2,35.0,0.0,0.0,0.0,5.0,6.0
3636022,151.8684210526316,140.5,91.32894736842104,67.76315789473685,40.17105263157895,277,3636022,36.0,1,255.15384615384616,66.84615384615384,6.925121390237671,18.04641057474624,20.101066897347074,24.568234505862414,23.484615384615378,36.0,19515.0,12576.0,12635.0,13419.0,11770.0
3636028,180.78571428571428,172.9142857142857,95.6,97.84285714285713,50.171428571428564,279,3636028,36.0,1,252.9230769230769,65.07692307692308,13.923076923076925,18.04641057474624,20.101066897347074,24.568234505862414,24.62307692307693,36.0,17533.0,13775.0,14278.0,14133.0,12285.0
3636041,178.5,169.6125,94.275,83.7,41.525,290,3636041,36.0,1,289.15384615384613,64.53846153846153,13.474699718885764,18.04641057474624,20.101066897347074,24.568234505862414,24.538461538461537,36.0,18693.0,18027.0,17088.0,15588.0,12847.0
3636045,155.91358024691357,149.03703703703704,94.8148148148148,87.58024691358024,50.65432098765432,294,3636045,36.0,1,279.23076923076917,73.53846153846153,25.923076923076927,18.04641057474624,20.101066897347074,24.568234505862414,25.6,36.0,21212.0,17997.0,16499.0,14662.0,12039.0
3636047,109.12765957446808,104.41489361702128,94.22340425531915,47.56382978723404,36.0531914893617,295,3636047,36.0,1,244.23076923076923,89.23076923076924,11.076923076923077,18.04641057474624,20.101066897347074,24.568234505862414,22.753846153846155,36.0,17303.0,12161.0,11643.0,11303.0,10478.0
3636049,191.55696202531647,184.77215189873417,95.41772151898735,125.67088607594937,60.696202531645575,296,3636049,36.0,1,266.9230769230769,53.769230769230774,14.167007411193454,18.04641057474624,20.101066897347074,24.568234505862414,24.300000000000004,36.0,13669.0,14146.0,15835.0,16091.0,15214.0
3636079,127.1566265060241,116.0,89.21686746987952,54.6987951807229,36.987951807228924,319,3636079,36.0,1,237.7692307692308,52.769230769230774,21.474699718885766,18.04641057474624,20.101066897347074,24.568234505862414,23.915384615384607,36.0,16461.0,13248.0,12441.0,12053.0,10200.0
3636105,198.1125,188.675,94.375,105.2125,46.9125,328,3636105,36.0,1,308.53846153846155,49.384615384615394,15.7186302070023,18.04641057474624,20.101066897347074,24.568234505862414,25.361538461538462,36.0,24650.0,18138.0,17644.0,16685.0,14406.0
3636106,117.59523809523809,108.21428571428572,90.88095238095238,49.08333333333334,35.654761904761905,329,3636106,36.0,1,226.15384615384616,64.23076923076923,6.705468949654996,18.04641057474624,20.101066897347074,24.568234505862414,23.238461538461536,36.0,13539.0,11671.0,11508.0,11131.0,9827.0
3636114,165.54666666666662,159.41333333333333,95.70666666666666,80.01333333333334,43.62666666666666,334,3636114,36.0,1,239.38461538461542,39.384615384615394,5.85931510350115,18.04641057474624,20.101066897347074,24.568234505862414,24.02307692307692,36.0,14620.0,13171.0,13406.0,13165.0,11146.0
3636141,177.64,170.52,95.58666666666667,109.10666666666668,57.09333333333333,350,3636141,36.0,1,235.84615384615384,35.384615384615394,17.32085356503961,18.04641057474624,20.101066897347074,24.568234505862414,24.65384615384616,36.0,13879.0,13298.0,14233.0,14251.0,12763.0
3636150,167.25352112676055,159.40845070422534,94.32394366197181,93.66197183098593,52.57746478873239,359,3636150,36.0,1,247.38461538461542,75.38461538461539,13.474699718885764,18.04641057474624,20.101066897347074,24.50144723618069,24.93846153846154,36.0,19166.0,14270.0,13690.0,12532.0,11725.0
3636156,162.44594594594594,158.09459459459458,96.75675675675676,103.43243243243244,60.17567567567568,364,3636156,36.0,1,220.15384615384616,37.230769230769226,16.846153846153847,18.04641057474624,20.101066897347074,24.568234505862414,24.584615384615393,36.0,14654.0,11980.0,12924.0,12666.0,10986.0
3636164,157.13636363636363,148.15151515151516,93.86363636363636,75.53030303030303,45.12121212121213,371,3636164,36.0,1,263.15384615384613,53.53846153846154,12.243930488116536,18.04641057474624,20.101066897347074,24.568234505862414,24.75384615384616,36.0,20410.0,17310.0,12346.0,11762.0,10309.0
3636167,155.46153846153842,149.01282051282053,94.64102564102564,84.28205128205127,50.4102564102564,373,3636167,36.0,1,253.0769230769231,49.230769230769226,10.615384615384617,18.04641057474624,20.101066897347074,24.568234505862414,24.96923076923077,36.0,18386.0,13926.0,15951.0,13080.0,11336.0
3636175,151.36486486486487,140.9324324324324,91.4054054054054,65.41891891891892,38.364864864864856,378,3636175,36.0,1,199.6923076923077,49.69230769230769,15.538461538461537,18.04641057474624,20.101066897347074,24.568234505862414,25.200000000000006,36.0,12228.0,12414.0,12757.0,12363.0,10238.0
3636232,191.08333333333331,183.38333333333333,95.81666666666666,99.06666666666666,47.65,389,3636232,36.0,1,288.07692307692315,46.30769230769231,7.615384615384616,18.04641057474624,20.101066897347074,24.568234505862414,24.876923076923074,36.0,21447.0,19210.0,14541.0,13836.0,11379.0
3636246,183.95714285714286,175.5714285714286,95.27142857142857,80.77142857142857,41.58571428571429,391,3636246,36.0,1,261.15384615384613,52.230769230769226,10.052645029389216,18.04641057474624,20.101066897347074,24.568234505862414,24.49230769230769,36.0,19172.0,14468.0,14406.0,13923.0,12878.0
3636248,139.9518072289157,130.72289156626505,92.18072289156626,67.73493975903614,41.46987951807229,392,3636248,36.0,1,225.3076923076923,51.92307692307693,17.167007411193453,18.04641057474624,20.101066897347074,26.524524159257606,24.692307692307697,36.0,14471.0,13429.0,12848.0,12391.0,11189.0
3699057,17.565217391304348,14.826086956521738,84.02173913043478,2.391304347826087,12.195652173913045,394,3699057,36.0,1,26.0,8.0,9.17109634551495,18.046410574746247,20.101066897347078,24.568234505862414,9.4,36.0,0.0,0.0,24.0,62.0,102.0
3699059,12.178571428571427,10.785714285714288,88.75,1.2142857142857142,9.892857142857142,395,3699059,36.0,1,19.0,5.0,9.17109634551495,18.046410574746247,20.101066897347078,24.568234505862414,12.4,36.0,0.0,1.0,53.0,55.0,108.0
3699062,17.483870967741936,15.32258064516129,86.67741935483869,2.4838709677419355,11.193548387096774,396,3699062,36.0,1,37.0,5.0,9.17109634551495,18.046410574746247,20.101066897347078,24.568234505862414,11.0,36.0,0.0,0.0,68.0,90.0,196.0
3699064,15.818181818181818,14.772727272727273,93.4090909090909,2.5,15.954545454545455,397,3699064,36.0,1,50.0,9.0,9.17109634551495,18.046410574746247,20.101066897347078,24.568234505862414,8.5,36.0,0.0,0.0,45.0,79.0,129.0
3699121,18.244897959183675,14.469387755102039,78.6938775510204,1.1428571428571428,6.469387755102041,398,3699121,36.0,1,33.0,4.0,9.17109634551495,18.046410574746247,20.101066897347078,24.568234505862414,11.0,36.0,0.0,0.0,91.0,106.0,100.0
3737003,166.17333333333337,161.69333333333333,96.61333333333332,72.81333333333333,39.74666666666667,400,3737003,37.0,1,399.6923076923077,103.15384615384615,38.769230769230774,18.04641057474624,20.101066897347074,24.568234505862414,24.3,37.0,21378.0,22966.0,23769.0,24901.0,21643.0
3737012,134.90666666666667,126.85333333333334,92.74666666666668,49.74666666666667,32.8,405,3737012,37.0,1,205.38461538461542,36.153846153846146,7.846153846153847,18.04641057474624,20.101066897347074,24.568234505862414,23.55384615384616,37.0,13020.0,11379.0,11394.0,10527.0,9388.0
3737021,74.75324675324677,71.53246753246755,94.44155844155844,30.168831168831172,35.311688311688314,412,3737021,37.0,1,143.38461538461542,26.384615384615387,6.846153846153847,18.04641057474624,20.101066897347074,24.568234505862414,22.7,37.0,8199.0,8612.0,8618.0,7026.0,5500.0
3737034,92.22388059701493,88.95522388059702,95.8358208955224,39.44776119402985,39.23880597014925,423,3737034,37.0,1,242.0769230769231,29.69230769230769,12.769230769230768,18.04641057474624,20.101066897347074,24.568234505862414,23.176923076923078,37.0,14439.0,14179.0,14573.0,12970.0,9615.0
3737037,163.84722222222226,159.55555555555554,96.95833333333331,84.2361111111111,47.0,425,3737037,37.0,1,389.6923076923077,55.153846153846146,39.07692307692308,18.04641057474624,20.101066897347074,24.986062620796076,24.96923076923077,37.0,22957.0,23744.0,24902.0,23884.0,18466.0
3737038,93.33333333333331,91.13888888888887,96.66666666666669,36.75,35.40277777777778,426,3737038,37.0,1,241.9230769230769,48.69230769230769,13.692307692307693,18.04641057474624,20.101066897347074,24.568234505862414,24.007692307692302,37.0,13168.0,13784.0,14858.0,14341.0,11906.0
3737040,166.73239436619718,160.50704225352112,95.88732394366195,89.60563380281691,49.92957746478874,428,3737040,37.0,1,404.07692307692315,60.07692307692307,24.76923076923077,18.04641057474624,20.101066897347074,24.568234505862414,24.815384615384627,37.0,23513.0,24284.0,25151.0,24943.0,19864.0
3838024,88.77941176470587,84.76470588235293,95.08823529411764,45.014705882352935,50.08823529411765,447,3838024,38.0,1,208.9230769230769,34.07692307692308,10.4372604140046,18.04641057474624,20.101066897347074,24.568234505862414,23.92307692307692,38.0,9755.0,11458.0,12649.0,13765.0,12973.0
3838031,91.80555555555556,85.91666666666669,92.25,41.29166666666666,43.66666666666666,453,3838031,38.0,1,237.6923076923077,50.39213547299963,13.782392026578071,18.04641057474624,20.101066897347074,24.568234505862414,23.300000000000004,38.0,12337.0,12887.0,13771.0,14277.0,13077.0
3838033,132.64179104477608,129.41791044776122,97.26865671641792,85.85074626865672,63.880597014925364,454,3838033,38.0,1,323.38461538461536,29.30769230769231,10.692307692307693,18.04641057474624,20.101066897347074,24.568234505862414,24.800000000000004,38.0,21712.0,18784.0,18981.0,19376.0,16667.0
3838042,153.51388888888889,146.95833333333334,95.05555555555556,93.70833333333331,59.194444444444436,459,3838042,38.0,1,195.84615384615384,26.76923076923077,7.026322514694607,18.04641057474624,20.101066897347074,24.568234505862414,25.45384615384615,38.0,9831.0,10226.0,11239.0,12858.0,12480.0
3838044,120.68493150684931,111.08219178082192,90.27397260273972,52.0,39.315068493150676,461,3838044,38.0,1,166.0,36.38962877687155,14.320853565039613,18.04641057474624,20.101066897347074,24.568234505862414,24.476923076923075,38.0,10769.0,7872.0,8387.0,9964.0,10981.0
3838045,166.82191780821918,159.3835616438356,94.73972602739723,108.56164383561644,62.61643835616438,462,3838045,38.0,1,228.38461538461542,27.46404515766655,7.397776641962688,18.04641057474624,20.101066897347074,24.568234505862414,25.43846153846153,38.0,12731.0,11806.0,12676.0,13815.0,13906.0
3838058,106.046875,99.75,93.40625,50.234375,46.671875,473,3838058,38.0,1,238.46153846153842,48.153846153846146,15.628545872731918,18.04641057474624,20.101066897347074,24.568234505862414,24.461538461538453,38.0,13475.0,14000.0,14469.0,16230.0,13085.0
3838062,161.53125,156.484375,97.078125,94.265625,56.828125,476,3838062,38.0,1,380.1538461538461,51.31521239607657,18.57794531050345,18.04641057474624,20.101066897347074,24.568234505862414,25.44615384615385,38.0,25329.0,23355.0,24095.0,22471.0,19148.0
3838064,92.24615384615385,86.92307692307692,93.35384615384615,52.338461538461544,53.90769230769231,478,3838064,38.0,1,286.61538461538464,41.53846153846154,17.19332992588806,18.04641057474624,20.101066897347074,24.48850612034512,24.77692307692308,38.0,19705.0,17797.0,16821.0,16129.0,13367.0
3838065,164.47222222222226,160.27777777777774,97.15277777777777,115.5,69.05555555555556,479,3838065,38.0,1,390.76923076923083,54.15635284997422,25.923076923076927,18.04641057474624,20.101066897347074,24.568234505862414,24.461538461538467,38.0,21379.0,18983.0,21021.0,26155.0,25562.0
3939001,65.51666666666667,60.46666666666667,92.16666666666669,31.66666666666667,48.41666666666666,481,3939001,39.0,1,174.38461538461542,25.07692307692308,5.424099156657296,18.04641057474624,20.101066897347074,24.568234505862414,22.007692307692302,39.0,11865.0,8201.0,8528.0,8562.0,7647.0
3939003,157.02777777777774,152.25,96.40277777777777,106.16666666666669,61.40277777777778,482,3939003,39.0,1,373.23076923076917,36.692307692307686,13.923076923076925,18.04641057474624,20.101066897347074,24.568234505862414,25.0,39.0,21345.0,20924.0,23427.0,25346.0,21366.0
3939004,67.87341772151899,62.1139240506329,89.9240506329114,31.65822784810127,39.481012658227854,483,3939004,39.0,1,227.0769230769231,38.005013392256174,13.461538461538463,18.04641057474624,20.101066897347074,24.568234505862414,21.376923076923074,39.0,11133.0,11344.0,11567.0,12045.0,10393.0
3939006,169.3150684931507,162.2602739726027,95.21917808219177,102.28767123287672,56.178082191780824,484,3939006,39.0,1,454.0,37.384615384615394,14.026322514694606,18.04641057474624,20.101066897347074,24.568234505862414,24.19230769230769,39.0,28029.0,24932.0,26402.0,27760.0,23041.0
3939007,116.46376811594205,108.5072463768116,92.23188405797102,45.8695652173913,36.26086956521739,485,3939007,39.0,1,366.46153846153845,43.54598162684579,14.0,18.04641057474624,20.101066897347074,24.568234505862414,23.41538461538461,39.0,22900.0,19119.0,20347.0,20961.0,17370.0
3939008,154.8421052631579,152.28947368421052,98.22368421052632,114.5,68.71052631578948,486,3939008,39.0,1,409.6153846153846,37.46153846153846,29.628545872731923,18.04641057474624,20.101066897347074,24.568234505862414,25.023076923076925,39.0,28611.0,23962.0,23740.0,24411.0,20364.0
3939010,110.7910447761194,105.02985074626864,94.50746268656715,60.50746268656717,51.37313432835821,487,3939010,39.0,1,307.76923076923083,33.07942977305116,12.076923076923075,18.04641057474624,20.101066897347074,24.865429197268195,23.330769230769235,39.0,19787.0,16285.0,17175.0,17583.0,14652.0
3939011,165.0897435897436,155.88461538461542,93.29487179487178,86.96153846153847,44.5897435897436,488,3939011,39.0,1,543.2307692307694,39.384615384615394,20.257091745463843,18.04641057474624,20.101066897347074,24.568234505862414,23.907692307692308,39.0,36294.0,31647.0,29492.0,30458.0,25536.0
3939012,154.8630136986301,150.43835616438358,96.56164383561644,108.28767123287672,62.94520547945206,489,3939012,39.0,1,368.1538461538461,22.771737465358854,14.923076923076925,18.04641057474624,20.101066897347074,24.568234505862414,24.907692307692308,39.0,21578.0,21352.0,22029.0,24141.0,20865.0
3939014,142.28985507246378,134.84057971014494,94.76811594202898,78.76811594202898,51.52173913043478,490,3939014,39.0,1,376.8461538461538,49.153846153846146,12.230769230769232,18.04641057474624,20.101066897347074,24.568234505862414,24.21538461538462,39.0,23053.0,21225.0,21984.0,22564.0,21073.0
3939015,272.5416666666667,263.52777777777777,96.34722222222223,187.58333333333331,62.90277777777778,491,3939015,39.0,1,637.1538461538463,67.38461538461539,28.30769230769231,18.04641057474624,20.101066897347074,24.568234505862414,24.72307692307692,39.0,37171.0,34281.0,39621.0,41997.0,34194.0
3939016,222.91780821917808,208.027397260274,91.08219178082192,122.31506849315069,48.58904109589041,492,3939016,39.0,1,621.0,43.384615384615394,17.307692307692307,18.04641057474624,20.101066897347074,24.568234505862414,24.97692307692308,39.0,38572.0,35214.0,37834.0,38839.0,34871.0
3939017,108.02941176470587,102.58823529411764,94.55882352941177,61.33823529411765,53.63235294117647,493,3939017,39.0,1,350.6923076923077,34.69732108456385,12.692307692307693,18.04641057474624,20.101066897347074,24.568234505862414,22.5,39.0,21048.0,17671.0,17417.0,18565.0,17017.0
3939018,203.74647887323945,193.80281690140842,94.91549295774648,104.35211267605635,47.098591549295776,494,3939018,39.0,1,540.2307692307694,75.925583619205,20.55162279580884,18.04641057474624,20.101066897347074,24.568234505862414,24.8,39.0,36015.0,31381.0,32213.0,34877.0,27160.0
3939019,152.625,148.83333333333334,97.45833333333331,114.41666666666669,69.54166666666667,495,3939019,39.0,1,372.8461538461538,19.30769230769231,9.705468949654996,18.04641057474624,20.101066897347074,24.568234505862414,24.592307692307696,39.0,20492.0,19928.0,27479.0,23555.0,18844.0
3939020,136.72058823529414,127.36764705882355,92.36764705882355,58.411764705882355,40.01470588235294,496,3939020,39.0,1,383.6923076923077,30.15885954610232,14.076923076923075,18.04641057474624,20.101066897347074,24.568234505862414,24.438461538461546,39.0,25961.0,22239.0,22116.0,22898.0,19809.0
3939022,184.16216216216216,173.027027027027,92.68918918918921,112.20270270270271,54.364864864864856,497,3939022,39.0,1,491.92307692307685,35.384615384615394,13.846153846153848,18.04641057474624,20.101066897347074,24.568234505862414,24.592307692307696,39.0,28876.0,27180.0,28208.0,31335.0,26407.0
3939024,100.36666666666666,98.11666666666666,97.71666666666668,78.1,77.5,498,3939024,39.0,1,225.61538461538458,28.07692307692308,6.243930488116535,18.04641057474624,20.101066897347074,24.568234505862414,23.392307692307693,39.0,10192.0,12618.0,13534.0,14062.0,11157.0
4040008,233.29885057471265,227.367816091954,97.77011494252875,112.60919540229885,41.74712643678161,598,4040008,40.0,1,377.6153846153846,55.776750857615006,7.782392026578075,18.04641057474624,20.101066897347074,24.568234505862414,24.430769230769233,40.0,7666.0,22707.0,24228.0,29667.0,21037.0
4141001,202.5873015873016,190.01587301587298,93.38095238095238,111.33333333333331,53.936507936507944,607,4141001,41.0,1,222.9230769230769,14.230769230769232,5.384615384615384,18.04641057474624,20.101066897347074,24.101447236180693,25.461538461538467,41.0,12768.0,12423.0,13240.0,14796.0,14118.0
4141002,294.4029850746269,281.8358208955224,94.9850746268657,197.22388059701493,63.05970149253731,608,4141002,41.0,1,601.8461538461537,26.469058549922714,7.3076923076923075,18.04641057474624,20.101066897347074,24.947601082334536,25.676923076923078,41.0,32806.0,35162.0,38919.0,42617.0,38092.0
4141005,113.69230769230771,106.75384615384615,93.6153846153846,62.4,52.630769230769225,609,4141005,41.0,1,205.84615384615384,25.848660542281927,5.615384615384616,18.04641057474624,20.101066897347074,24.568234505862414,23.69230769230769,41.0,13974.0,11446.0,10683.0,11430.0,10806.0
4141007,94.46666666666668,87.61666666666666,92.66666666666669,46.91666666666666,50.4,610,4141007,41.0,1,227.3076923076923,32.53846153846154,2.8461538461538463,18.04641057474624,20.101066897347074,24.568234505862414,22.73076923076923,41.0,11588.0,12062.0,12778.0,13716.0,11663.0
4141011,191.46774193548384,182.90322580645162,95.64516129032258,124.03225806451613,63.112903225806456,612,4141011,41.0,1,439.92307692307685,31.07692307692308,5.153846153846153,18.04641057474624,20.101066897347074,24.568234505862414,25.215384615384608,41.0,26068.0,26368.0,27884.0,29045.0,23020.0
4141062,218.2352941176471,202.32352941176467,91.04411764705885,127.79411764705885,55.07352941176471,651,4141062,41.0,1,524.4615384615385,53.23327592689731,9.628545872731921,18.04641057474624,20.101066897347074,24.568234505862414,24.94615384615385,41.0,27866.0,28470.0,31442.0,35728.0,31483.0
4141063,165.55882352941177,156.19117647058823,94.39705882352942,95.10294117647058,54.941176470588225,652,4141063,41.0,1,407.46153846153845,56.53846153846154,6.307692307692308,18.04641057474624,20.101066897347074,24.568234505862414,24.861538461538462,41.0,22869.0,23151.0,24781.0,26437.0,22972.0
4141068,142.64615384615385,130.69230769230768,91.13846153846156,71.35384615384616,48.86153846153846,654,4141068,41.0,1,192.23076923076923,28.76923076923077,3.692307692307693,18.04641057474624,20.101066897347074,24.568234505862414,23.85384615384616,41.0,9898.0,10032.0,10757.0,11861.0,11868.0
4199196,14.0,9.0,64.0,0.0,0.0,658,4199196,41.0,1,16.0,16.0,9.17109634551495,18.046410574746247,20.101066897347078,24.568234505862414,7.8,41.0,0.0,0.0,2.0,17.0,31.0
4242001,138.98765432098764,134.2962962962963,95.93827160493828,69.60493827160494,44.074074074074076,663,4242001,42.0,1,431.5384615384616,71.84615384615384,13.769230769230768,18.04641057474624,20.101066897347074,24.447601082334533,24.861538461538462,42.0,26743.0,25853.0,26895.0,27001.0,21125.0
4242002,97.02564102564102,90.19230769230771,92.42307692307692,37.97435897435897,35.615384615384606,664,4242002,42.0,1,271.61538461538464,43.69230769230769,10.461538461538463,18.04641057474624,20.101066897347074,24.568234505862414,23.37692307692308,42.0,17580.0,13992.0,15066.0,15718.0,12921.0
4242003,111.07352941176471,107.70588235294115,96.64705882352942,53.029411764705884,45.661764705882355,665,4242003,42.0,1,297.61538461538464,55.384615384615394,13.782392026578071,18.04641057474624,20.101066897347074,24.173121504960502,24.6,42.0,18730.0,18559.0,19281.0,18627.0,12710.0
4242004,99.3013698630137,94.986301369863,95.82191780821918,29.82191780821918,29.410958904109588,666,4242004,42.0,1,274.46153846153845,73.69230769230771,10.39777664196269,18.04641057474624,20.101066897347074,24.601447236180693,24.01538461538461,42.0,15198.0,16137.0,17699.0,17753.0,12441.0
4242038,121.05714285714286,115.3,94.88571428571429,67.34285714285714,52.02857142857143,683,4242038,42.0,1,251.0,44.46153846153846,13.230769230769232,18.04641057474624,20.101066897347074,24.568234505862414,24.62307692307692,42.0,18021.0,17252.0,14959.0,13876.0,10708.0
4242045,103.56962025316456,99.0506329113924,95.21518987341771,39.30379746835443,34.18987341772152,689,4242045,42.0,1,244.0769230769231,38.92307692307692,15.41093789930999,18.04641057474624,20.101066897347074,24.568234505862414,24.638461538461538,42.0,15629.0,14145.0,14590.0,14122.0,12086.0
4343030,12.285714285714285,11.714285714285715,95.42857142857143,8.142857142857142,66.42857142857143,713,4343030,43.0,1,15.0,15.032587049665079,9.171096345514954,18.046410574746247,20.101066897347078,24.568234505862414,16.014285714285716,43.0,1.0,427.0,410.0,253.0,115.0
4343076,195.17441860465115,184.3023255813953,92.24418604651164,97.05813953488372,44.41860465116279,744,4343076,43.0,1,234.38461538461542,19.846153846153847,4.153846153846153,18.04641057474624,20.101066897347074,24.568234505862414,24.884615384615387,43.0,1.0,16038.0,17399.0,18956.0,17226.0
4343080,192.44155844155847,185.4805194805195,96.16883116883119,105.71428571428572,48.45454545454545,746,4343080,43.0,1,210.9230769230769,8.153846153846152,2.769230769230769,18.04641057474624,20.101066897347074,24.568234505862414,25.961538461538463,43.0,0.0,16757.0,17561.0,15950.0,14708.0
4343088,184.35443037974684,173.0506329113924,92.88607594936708,107.16455696202532,50.59493670886076,751,4343088,43.0,1,220.61538461538458,21.0,3.8593151035011504,18.04641057474624,20.101066897347074,24.568234505862414,24.6,43.0,0.0,14429.0,16577.0,16799.0,16995.0
4343125,202.33783783783784,191.4324324324324,94.32432432432432,118.41891891891892,53.02702702702703,760,4343125,43.0,1,206.84615384615384,17.002506696128087,4.6923076923076925,18.04641057474624,20.101066897347074,24.568234505862414,25.461538461538467,43.0,0.0,13827.0,15628.0,17008.0,15981.0
4343127,191.53246753246756,187.1038961038961,97.16883116883119,116.45454545454544,57.766233766233775,761,4343127,43.0,1,217.0,26.76923076923077,4.615384615384615,18.04641057474624,20.101066897347074,24.568234505862414,27.207692307692305,43.0,0.0,18156.0,19427.0,17930.0,15590.0
4343130,208.67088607594937,198.30379746835442,93.24050632911393,131.49367088607596,56.08860759493671,762,4343130,43.0,1,247.46153846153842,20.697321084563857,4.461538461538462,18.04641057474624,20.101066897347074,24.568234505862414,26.330769230769228,43.0,0.0,19559.0,19768.0,18886.0,19544.0
4343132,175.48314606741573,168.6067415730337,95.1011235955056,82.31460674157303,40.57303370786517,763,4343132,43.0,1,229.7692307692308,32.846153846153854,2.7823920265780733,18.04641057474624,20.101066897347074,24.568234505862414,25.684615384615388,43.0,3.0,20154.0,17955.0,17218.0,15974.0
4343136,212.86666666666667,204.25555555555562,95.6,93.97777777777776,37.6,764,4343136,43.0,1,254.7692307692308,32.769230769230774,4.615384615384615,18.04641057474624,20.101066897347074,24.568234505862414,25.538461538461537,43.0,0.0,17773.0,19788.0,20444.0,19960.0
4444012,128.0,117.4626865671642,91.68656716417914,59.70149253731344,45.05970149253731,771,4444012,44.0,1,185.0769230769231,40.69481438843577,13.769230769230768,18.04641057474624,20.101066897347074,24.568234505862414,25.57692307692308,44.0,10691.0,9633.0,10423.0,11869.0,10195.0
4444022,186.78571428571428,178.88571428571427,94.74285714285715,111.87142857142857,56.24285714285714,779,4444022,44.0,1,407.0,73.77173746535884,23.923076923076927,18.04641057474624,20.101066897347074,24.568234505862414,25.476923076923075,44.0,30220.0,23117.0,24002.0,24512.0,21576.0
4444025,190.3768115942029,186.6231884057971,97.6231884057971,131.42028985507247,64.82608695652173,782,4444025,44.0,1,452.0,45.07942977305116,27.538461538461537,18.04641057474624,20.101066897347074,24.568234505862414,25.330769230769228,44.0,33620.0,26115.0,26774.0,25240.0,23901.0
4444026,106.12857142857143,101.85714285714286,95.71428571428572,63.0,55.92857142857143,783,4444026,44.0,1,270.3076923076923,64.23327592689729,22.30769230769231,18.04641057474624,20.101066897347074,24.568234505862414,24.592307692307692,44.0,15698.0,15263.0,16103.0,17007.0,13235.0
4444036,138.5421686746988,130.03614457831324,92.63855421686749,71.78313253012048,43.855421686746986,790,4444036,44.0,1,383.5384615384616,102.6948143884358,34.782392026578066,18.04641057474624,20.101066897347074,24.568234505862414,24.03076923076923,44.0,23336.0,18613.0,20523.0,24417.0,20450.0
4444047,95.88059701492537,93.44776119402985,97.1492537313433,64.07462686567165,65.56716417910448,797,4444047,44.0,1,230.46153846153842,42.23327592689731,25.538461538461537,18.04641057474624,20.101066897347074,24.678370313103766,24.12307692307693,44.0,13092.0,13530.0,13336.0,14520.0,12258.0
4545010,159.13846153846154,156.0,97.98461538461538,111.52307692307691,66.98461538461538,800,4545010,45.0,1,373.8461538461538,34.15635284997423,10.795553283925376,18.04641057474624,20.101066897347074,24.568234505862414,24.96923076923077,45.0,22780.0,20452.0,23020.0,23634.0,19645.0
4545015,191.3875,186.8875,96.9375,115.725,52.7,801,4545015,45.0,1,430.5384615384616,77.6178913115127,13.307692307692307,18.04641057474624,20.101066897347074,24.568234505862414,24.638461538461538,45.0,19728.0,22495.0,27924.0,32575.0,25849.0
4545081,120.0,117.46575342465755,97.71232876712328,71.60273972602741,55.72602739726028,816,4545081,45.0,1,262.61538461538464,69.38712208074347,7.257091745463838,18.04641057474624,20.101066897347074,24.568234505862414,25.26923076923077,45.0,14057.0,14890.0,17069.0,18254.0,14436.0
4646008,74.68571428571428,73.57142857142857,98.65714285714287,37.642857142857146,49.228571428571435,820,4646008,46.0,1,145.30769230769232,26.69230769230769,3.0131612573473037,18.04641057474624,20.101066897347074,24.778370313103768,24.238461538461536,46.0,10938.0,10926.0,7527.0,6222.0,4340.0
4646012,19.52083333333333,18.3125,94.0625,7.291666666666668,40.6875,823,4646012,46.0,1,63.69230769230769,20.076923076923077,6.105290058778433,18.04641057474624,20.101066897347074,17.200000000000006,16.169230769230772,46.0,1934.0,2161.0,2141.0,1790.0,1534.0
4646017,69.18571428571428,67.58571428571429,97.94285714285714,33.42857142857143,46.88571428571429,827,4646017,46.0,1,152.9230769230769,43.230769230769226,4.4746997188857645,18.04641057474624,20.101066897347074,24.568234505862414,23.338461538461537,46.0,11009.0,10739.0,7728.0,5601.0,4893.0
4747021,102.70512820512822,93.44871794871794,90.15384615384615,36.230769230769226,32.6025641025641,838,4747021,47.0,1,178.9230769230769,37.846153846153854,2.6153846153846154,18.04641057474624,20.101066897347074,24.568234505862414,22.523076923076925,47.0,6629.0,9948.0,11306.0,10355.0,9068.0
4848004,111.11111111111113,106.8641975308642,95.64197530864195,52.22222222222222,41.716049382716044,840,4848004,48.0,1,110.07692307692308,15.384615384615385,5.2196524405826725,18.04641057474624,20.101066897347074,24.568234505862414,24.26923076923077,48.0,1298.0,1712.0,8157.0,11089.0,9481.0
4848021,29.901408450704228,28.788732394366196,95.94366197183099,13.056338028169014,41.84507042253521,849,4848021,48.0,1,60.69230769230769,30.923076923076927,8.696396626629188,18.04641057474624,20.101066897347074,24.568234505862414,21.876923076923074,48.0,4147.0,3197.0,2686.0,2696.0,2674.0
4848022,50.35,49.61666666666667,98.55,35.266666666666666,69.4,850,4848022,48.0,1,73.46153846153847,11.846153846153848,7.362381804242271,18.04641057474624,20.101066897347074,24.568234505862414,23.523076923076925,48.0,4631.0,4177.0,3416.0,3354.0,2590.0
4899215,14.1875,12.375,87.125,1.8125,12.25,856,4899215,48.0,1,33.0,15.032587049665075,9.17109634551495,18.046410574746247,20.101066897347078,24.568234505862414,10.1,48.0,0.0,15.0,23.0,70.0,102.0
4949002,12.894736842105265,12.578947368421053,97.47368421052632,5.315789473684211,41.8421052631579,857,4949002,49.0,1,50.846153846153854,20.46153846153846,4.9888832098134435,18.04641057474624,20.101066897347074,24.16298569771915,12.023076923076921,49.0,1301.0,1137.0,1301.0,1108.0,1004.0
5050001,15.08108108108108,13.297297297297295,88.81081081081079,4.108108108108108,27.10810810810811,863,5050001,50.0,1,59.30769230769231,20.153846153846157,7.9909276769741915,18.04641057474624,20.101066897347074,24.568234505862414,13.638461538461538,50.0,1946.0,1894.0,1809.0,1542.0,1275.0
5050012,16.41509433962264,15.943396226415095,96.94339622641508,5.867924528301888,35.24528301886792,868,5050012,50.0,1,67.46153846153847,22.76923076923077,6.566828520316894,18.04641057474624,20.101066897347074,24.568234505862414,15.584615384615386,50.0,2645.0,2607.0,2430.0,1954.0,1691.0
5112002,52.944444444444436,51.555555555555564,97.25,21.777777777777782,41.208333333333336,870,5112002,51.0,1,73.69230769230771,19.0,6.259136212624585,18.04641057474624,20.101066897347074,24.568234505862414,20.96153846153846,51.0,4265.0,3804.0,3825.0,3322.0,3094.0
5113010,19.42372881355932,18.88135593220339,96.54237288135592,10.322033898305083,53.40677966101695,876,5113010,51.0,1,33.07692307692308,7.461538461538463,8.542550472783033,18.04641057474624,20.101066897347074,24.568234505862414,16.146153846153847,51.0,1268.0,1278.0,1219.0,1153.0,946.0
5252009,56.0,50.66666666666666,89.2,18.53333333333333,31.16666666666667,883,5252009,52.0,1,109.2,24.013034819866032,3.2,18.046410574746247,20.101066897347078,24.568234505862414,22.58,52.0,3495.0,2064.0,2184.0,2411.0,1908.0
5252018,62.75,58.631578947368425,93.11842105263158,23.210526315789476,34.486842105263165,889,5252018,52.0,1,160.53846153846158,65.15384615384616,3.8724763608484536,18.04641057474624,20.101066897347074,24.568234505862414,22.707692307692298,52.0,4454.0,10257.0,7854.0,7880.0,5775.0
5314001,58.602941176470594,56.61764705882353,96.23529411764706,23.5,38.45588235294117,893,5314001,53.0,1,86.69230769230771,26.615384615384613,6.553667262969589,18.04641057474624,20.101066897347074,24.568234505862414,21.684615384615388,53.0,4519.0,4461.0,4650.0,4660.0,3968.0
5314008,34.5,33.21666666666667,96.26666666666668,16.35,48.06666666666667,898,5314008,53.0,1,53.0,17.0,5.553667262969589,18.04641057474624,20.101066897347074,24.568234505862414,20.1,53.0,3030.0,2781.0,2328.0,2340.0,1977.0
5316004,27.33333333333333,26.6984126984127,97.41269841269842,12.333333333333336,44.317460317460316,900,5316004,53.0,1,61.30769230769231,24.153846153846153,5.1558906210069,18.04641057474624,20.101066897347074,24.915384615384607,19.207692307692305,53.0,3265.0,3197.0,2273.0,2025.0,1636.0
5454011,28.73770491803279,27.950819672131143,97.19672131147541,9.409836065573769,32.22950819672131,908,5454011,54.0,1,53.53846153846154,15.769230769230768,5.784436493738821,18.04641057474624,20.101066897347074,24.568234505862414,18.75384615384616,54.0,3076.0,2765.0,2330.0,2137.0,1537.0
5454013,85.27397260273973,83.02739726027397,97.04109589041096,38.71232876712329,43.38356164383562,910,5454013,54.0,1,172.38461538461542,34.53846153846154,8.923076923076922,18.04641057474624,20.101066897347074,24.601447236180693,23.207692307692305,54.0,12240.0,10363.0,9994.0,9186.0,7570.0
5757012,94.70833333333331,89.04166666666669,93.27777777777777,44.65277777777778,44.625,913,5757012,57.0,1,175.46153846153842,35.846153846153854,1.9230769230769231,18.04641057474624,20.101066897347074,24.568234505862414,24.015384615384622,57.0,15389.0,9475.0,9276.0,8551.0,7530.0
5757036,158.97333333333333,148.77333333333334,93.29333333333334,66.98666666666666,41.16,919,5757036,57.0,1,195.15384615384616,48.30769230769231,3.9757219524661385,18.04641057474624,20.101066897347074,24.736379847957664,24.069230769230767,57.0,9916.0,9565.0,10209.0,14206.0,12018.0
5757047,107.13513513513512,101.18918918918921,94.16216216216215,38.3918918918919,35.770270270270274,923,5757047,57.0,1,150.30769230769232,41.53846153846154,7.362381804242271,18.04641057474624,20.101066897347074,24.568234505862414,24.115384615384613,57.0,7560.0,9862.0,9207.0,9412.0,7395.0
5757074,15.969696969696967,15.606060606060606,98.24242424242424,7.212121212121213,47.15151515151515,936,5757074,57.0,1,31.923076923076927,7.9230769230769225,8.542550472783033,18.04641057474624,20.101066897347074,24.568234505862414,14.430769230769231,57.0,1352.0,1099.0,1050.0,991.0,712.0
5757075,15.958333333333336,15.541666666666664,97.22916666666669,8.729166666666666,55.47916666666666,937,5757075,57.0,1,30.384615384615387,9.235782623025397,9.171096345514954,18.04641057474624,20.101066897347074,24.024524159257606,14.146153846153851,57.0,1135.0,1118.0,890.0,919.0,643.0
5757079,29.66666666666667,28.25,95.58333333333331,9.533333333333333,33.083333333333336,940,5757079,57.0,1,47.45454545454545,15.636363636363635,6.745243128964059,18.046410574746247,20.101066897347074,24.568234505862414,20.345454545454547,57.0,2573.0,2107.0,2140.0,1925.0,1720.0
5757100,83.22535211267606,78.71830985915494,93.61971830985917,35.802816901408455,41.15492957746479,949,5757100,57.0,1,131.46153846153842,28.615384615384613,2.6153846153846154,18.04641057474624,20.101066897347074,24.568234505862414,23.423076923076927,57.0,10017.0,7227.0,7255.0,6872.0,5694.0
5757101,97.18055555555556,92.59722222222223,94.68055555555556,39.84722222222222,38.069444444444436,950,5757101,57.0,1,149.76923076923075,28.923076923076927,3.4615384615384617,18.04641057474624,20.101066897347074,24.568234505862414,24.36923076923077,57.0,11297.0,8673.0,8452.0,7995.0,6623.0
5757118,18.666666666666668,17.333333333333332,93.33333333333331,6.666666666666668,34.5,962,5757118,57.0,1,43.0,22.5,9.17109634551495,18.046410574746247,20.101066897347078,22.7,18.450000000000006,57.0,119.0,169.0,141.0,135.0,90.0
5799140,15.895833333333336,13.833333333333336,87.41666666666669,2.2916666666666665,15.125,963,5799140,57.0,1,17.0,14.0,4.0,18.046410574746247,20.101066897347078,12.0,23.7,57.0,6.0,33.0,62.0,159.0,134.0
5817008,27.0,26.096774193548388,96.85483870967742,10.82258064516129,40.82258064516129,966,5817008,58.0,1,63.769230769230774,13.466551853794625,7.914004600051113,18.04641057474624,20.101066897347074,24.568234505862414,17.130769230769232,58.0,3417.0,2499.0,2086.0,2244.0,1900.0
5831005,70.54054054054055,64.95945945945945,91.9864864864865,22.33783783783784,30.77027027027027,968,5831005,58.0,1,178.46153846153842,48.07942977305116,4.1801686685407615,18.04641057474624,20.101066897347074,24.568234505862414,19.923076923076927,58.0,5907.0,10121.0,9623.0,8555.0,7104.0
5959008,107.28767123287672,103.68493150684931,96.67123287671231,37.876712328767134,34.46575342465753,979,5959008,59.0,1,184.53846153846158,43.094469949819654,7.681190902121135,18.04641057474624,20.101066897347074,24.568234505862414,25.02307692307692,59.0,11620.0,9237.0,11494.0,9841.0,7830.0
5959011,38.555555555555564,37.333333333333336,97.11111111111113,13.777777777777779,35.458333333333336,982,5959011,59.0,1,70.23076923076923,24.479085334435037,6.0921288014311274,18.04641057474624,20.101066897347074,24.568234505862414,22.25384615384615,59.0,4609.0,3932.0,3411.0,3592.0,2226.0
5959027,19.12727272727273,18.072727272727274,93.9090909090909,6.636363636363638,34.05454545454545,992,5959027,59.0,1,47.69230769230769,21.325239180588888,6.489905443393817,18.04641057474624,20.101066897347074,20.546153846153842,18.54615384615385,59.0,2432.0,1525.0,1402.0,1254.0,1175.0
6060015,172.6470588235294,161.87058823529412,92.83529411764704,66.70588235294117,33.329411764705874,999,6060015,60.0,1,179.76923076923077,42.230769230769226,9.923076923076923,18.04641057474624,20.101066897347074,24.568234505862414,22.753846153846155,60.0,0.0,39.0,12190.0,20172.0,15818.0
6060039,14.821428571428573,14.464285714285715,98.39285714285714,8.607142857142858,59.82142857142857,1006,6060039,60.0,1,51.615384615384606,20.846153846153847,6.784436493738821,17.184615384615384,21.184615384615384,24.961538461538463,18.123076923076926,60.0,2716.0,2253.0,1740.0,1135.0,570.0
6060060,12.809523809523812,12.238095238095234,95.66666666666669,5.904761904761906,45.0952380952381,1014,6060060,60.0,1,42.46153846153846,11.925583619205005,7.362381804242271,15.465108505749711,17.69230769230769,17.038461538461537,11.984615384615385,60.0,1207.0,949.0,914.0,747.0,660.0
6161018,96.14285714285714,88.95238095238096,92.3095238095238,43.39285714285715,42.226190476190474,1031,6161018,61.0,1,135.61538461538458,29.233275926897306,6.57794531050345,18.04641057474624,20.101066897347074,24.568234505862414,24.200000000000006,61.0,0.0,8667.0,9139.0,10936.0,10065.0
6161024,176.49295774647888,166.91549295774647,93.92957746478874,113.7605633802817,60.94366197183098,1035,6161024,61.0,1,378.76923076923083,60.615384615384606,18.705468949655,18.04641057474624,20.101066897347074,24.568234505862414,25.27692307692308,61.0,1943.0,27620.0,29242.0,29585.0,24583.0
6161048,86.08974358974359,79.1794871794872,91.06410256410255,40.756410256410255,42.615384615384606,1050,6161048,61.0,1,126.23076923076924,26.156352849974237,4.936238180424226,18.04641057474624,20.101066897347074,24.568234505862414,22.92307692307693,61.0,6.0,8142.0,8347.0,9908.0,7428.0
6161049,152.02469135802468,144.23456790123456,94.17283950617285,94.80246913580248,58.77777777777778,1051,6161049,61.0,1,179.53846153846158,26.153846153846153,11.89879887554306,18.04641057474624,20.101066897347074,24.568234505862414,26.407692307692308,61.0,1.0,13257.0,14750.0,14953.0,14162.0
6161057,135.425,127.1125,93.35,81.5375,55.675,1056,6161057,61.0,1,179.0,30.92809031533309,11.641707130079222,18.04641057474624,20.101066897347074,24.568234505862414,24.69230769230769,61.0,0.0,13253.0,13446.0,13559.0,11995.0
6161063,156.98809523809524,148.28571428571428,93.48809523809523,73.80952380952381,41.98809523809524,1059,6161063,61.0,1,200.0769230769231,37.69481438843577,6.307692307692308,18.04641057474624,20.101066897347074,24.568234505862414,24.3,61.0,0.0,14015.0,15241.0,14834.0,13632.0
6161064,107.015625,101.4375,94.71875,60.734375,57.203125,1060,6161064,61.0,1,115.69230769230771,17.31019900382039,7.705468949654996,18.04641057474624,20.101066897347074,24.568234505862414,23.500000000000004,61.0,0.0,6618.0,7894.0,8712.0,9009.0
6262013,209.04651162790694,193.10465116279067,91.36046511627909,91.11627906976744,39.55813953488372,1073,6262013,62.0,1,240.0769230769231,40.384615384615394,20.34717607973422,18.04641057474624,20.101066897347074,24.568234505862414,23.815384615384612,62.0,0.0,4539.0,21262.0,21754.0,19249.0
6262033,80.69230769230771,74.6794871794872,91.84615384615385,30.91025641025641,36.07692307692308,1087,6262033,62.0,1,123.3846153846154,20.69230769230769,8.744952721696908,18.04641057474624,20.101066897347074,24.568234505862414,22.73076923076923,62.0,0.0,7834.0,8722.0,9147.0,7453.0
6262038,110.28571428571428,103.57142857142857,94.38095238095238,64.80952380952381,54.57142857142857,1092,6262038,62.0,1,163.25,23.75,6.542774086378738,18.046410574746247,20.101066897347078,24.568234505862414,23.55,62.0,0.0,2854.0,2892.0,2622.0,2430.0
6363020,127.8395061728395,118.8641975308642,91.11111111111113,72.4074074074074,49.39506172839506,1103,6363020,63.0,1,166.9230769230769,36.92307692307692,19.53846153846154,18.04641057474624,20.101066897347074,24.568234505862414,25.19230769230769,63.0,0.0,13260.0,12916.0,13804.0,10867.0
6363021,172.27027027027023,163.85135135135138,94.29729729729729,99.14864864864865,52.37837837837838,1104,6363021,63.0,1,172.9230769230769,27.923076923076927,19.30769230769231,18.04641057474624,20.101066897347074,24.909139543873,25.830769230769228,63.0,8.0,13002.0,14231.0,14690.0,11225.0
6363022,104.84057971014492,100.44927536231884,95.3623188405797,54.594202898550726,50.68115942028985,1105,6363022,63.0,1,105.0,31.07692307692308,11.384615384615385,18.04641057474624,20.101066897347074,24.568234505862414,24.715384615384608,63.0,9.0,7571.0,8121.0,9047.0,6650.0
6464010,82.66666666666667,77.0,92.57971014492752,46.28985507246377,54.57971014492754,1117,6464010,64.0,1,143.23076923076925,39.69732108456385,10.78443649373882,18.04641057474624,20.101066897347074,24.568234505862414,22.30769230769231,64.0,9.0,8207.0,9701.0,10201.0,8772.0
6715002,166.18072289156626,162.51807228915663,97.13253012048193,84.09638554216869,45.02409638554217,1120,6715002,67.0,1,239.0769230769231,47.615384615384606,9.320853565039613,18.04641057474624,20.101066897347074,24.568234505862414,25.27692307692307,67.0,0.0,20310.0,20478.0,18062.0,14172.0
6715008,81.42857142857143,79.98701298701299,98.012987012987,40.4025974025974,44.90909090909091,1126,6715008,67.0,1,111.15384615384615,33.46153846153846,6.5647840531561465,18.04641057474624,20.101066897347074,24.568234505862414,24.52307692307692,67.0,1.0,9983.0,9741.0,7749.0,5401.0
6777002,79.15277777777777,76.70833333333333,96.54166666666669,40.458333333333336,48.41666666666666,1135,6777002,67.0,1,88.23076923076924,26.23076923076923,3.5516227958088424,18.04641057474624,20.101066897347074,24.568234505862414,23.4,67.0,0.0,7045.0,6795.0,6276.0,4969.0
6868001,102.1917808219178,95.38356164383562,92.24657534246576,53.75342465753425,48.41095890410959,1138,6868001,68.0,1,188.6923076923077,26.23076923076923,6.09008433427038,18.04641057474624,20.101066897347074,24.568234505862414,25.51538461538461,68.0,10496.0,10803.0,9986.0,10712.0,7617.0
6868002,75.30555555555556,71.93055555555556,95.05555555555556,35.986111111111114,45.79166666666666,1139,6868002,68.0,1,116.76923076923076,22.384615384615387,8.628545872731921,18.04641057474624,20.101066897347074,24.70144723618069,24.961538461538463,68.0,6634.0,7092.0,6124.0,6571.0,5288.0
6868007,47.75471698113208,45.79245283018867,95.811320754717,19.18867924528302,40.77358490566038,1140,6868007,68.0,1,73.63636363636364,17.818181818181817,7.2129266082754455,18.046410574746247,20.101066897347074,24.568234505862414,23.527272727272724,68.0,3653.0,3764.0,3095.0,3003.0,2252.0
6868010,161.6081081081081,157.17567567567568,96.20270270270271,97.72972972972971,57.33783783783784,1142,6868010,68.0,1,231.84615384615384,38.38712208074347,8.090084334270381,18.04641057474624,20.101066897347074,24.568234505862414,26.28461538461539,68.0,15379.0,14033.0,12956.0,13791.0,10546.0
6868011,60.694444444444436,54.805555555555564,89.40277777777777,22.20833333333333,35.430555555555564,1143,6868011,68.0,1,122.23076923076924,38.07692307692308,11.949399437771527,18.04641057474624,20.101066897347074,24.568234505862414,24.6,68.0,6987.0,7204.0,6109.0,6676.0,4775.0
6868013,75.6,71.50909090909092,93.27272727272728,37.4,47.74545454545454,1144,6868013,68.0,1,103.0,18.0,9.4,18.046410574746247,20.101066897347074,24.568234505862414,25.6,68.0,5484.0,5229.0,4348.0,5100.0,3702.0
6868015,104.97260273972604,101.45205479452056,95.53424657534245,55.78082191780822,51.24657534246575,1145,6868015,68.0,1,161.53846153846158,32.153846153846146,7.9230769230769225,18.04641057474624,20.101066897347074,24.568234505862414,26.238461538461536,68.0,8811.0,9191.0,7875.0,8752.0,6651.0
6969012,118.57894736842104,112.92105263157896,94.60526315789473,51.97368421052632,41.14473684210526,1181,6969012,69.0,1,166.23076923076925,33.53846153846154,12.769230769230768,18.04641057474624,20.101066897347074,24.568234505862414,24.74615384615384,69.0,5878.0,11631.0,9734.0,9565.0,7707.0
6969014,92.55555555555556,89.08333333333331,96.40277777777777,45.305555555555564,47.83333333333334,1183,6969014,69.0,1,115.84615384615385,23.07692307692308,4.718630207002301,18.04641057474624,20.101066897347074,24.568234505862414,24.1,69.0,3347.0,6530.0,7056.0,7272.0,6039.0
7070001,126.70238095238096,120.59523809523809,93.82142857142857,48.202380952380956,34.17857142857143,1194,7070001,70.0,1,258.9230769230769,42.0,12.564784053156144,18.04641057474624,20.101066897347074,24.568234505862414,22.04615384615385,70.0,4482.0,17715.0,12942.0,12023.0,10624.0
7070005,18.865384615384613,18.23076923076923,96.51923076923076,7.211538461538463,37.78846153846154,1197,7070005,70.0,1,89.76923076923076,12.630424792153113,6.259136212624585,18.04641057474624,20.101066897347074,24.568234505862414,13.546153846153848,70.0,4189.0,2644.0,2220.0,1468.0,1210.0
7171040,150.55952380952382,145.48809523809524,96.0238095238095,67.1547619047619,38.452380952380956,1209,7171040,71.0,1,204.61538461538458,46.153846153846146,19.564784053156146,18.04641057474624,20.101066897347074,24.568234505862414,24.84615384615385,71.0,6388.0,7408.0,13456.0,14926.0,12183.0
7171041,96.07407407407408,92.07407407407408,95.28395061728395,48.60493827160494,47.555555555555564,1210,7171041,71.0,1,194.84615384615384,29.153846153846153,14.334014822386914,18.04641057474624,20.101066897347074,24.568234505862414,24.06923076923077,71.0,10821.0,9002.0,10221.0,10505.0,8458.0
7171054,100.8181818181818,98.64935064935064,97.42857142857143,54.03896103896104,48.012987012987004,1214,7171054,71.0,1,226.0,36.69481438843577,13.397776641962688,18.04641057474624,20.101066897347074,24.039908774642228,25.25384615384615,71.0,13577.0,14870.0,11992.0,9857.0,7371.0
7272010,116.89743589743591,113.76923076923076,97.23076923076924,50.551282051282044,39.807692307692314,1240,7272010,72.0,1,127.92307692307692,36.692307692307686,6.5647840531561465,18.04641057474624,20.101066897347074,24.568234505862414,24.29230769230769,72.0,1.0,4994.0,10218.0,9890.0,8219.0
7272012,117.81578947368419,115.07894736842104,97.89473684210527,50.276315789473685,40.18421052631579,1241,7272012,72.0,1,106.6153846153846,27.923076923076927,4.936238180424226,18.04641057474624,20.101066897347074,24.568234505862414,25.076923076923073,72.0,0.0,4552.0,8870.0,8820.0,7485.0
7324012,169.48611111111111,161.27777777777774,94.875,90.88888888888887,51.65277777777778,1264,7324012,73.0,1,223.6923076923077,56.69230769230769,5.283414260158446,18.04641057474624,20.101066897347074,24.568234505862414,25.1,73.0,14440.0,11597.0,12451.0,12634.0,11143.0
7324014,22.17142857142857,22.0,99.37142857142857,14.428571428571427,64.82857142857142,1265,7324014,73.0,1,67.84615384615384,38.615384615384606,3.8218757986199847,18.184615384615384,21.49230769230769,25.8,18.83846153846154,73.0,2840.0,2229.0,1997.0,1511.0,1109.0
7324035,25.044776119402986,23.98507462686567,95.65671641791045,9.537313432835822,37.044776119402975,1275,7324035,73.0,1,44.75,11.166666666666664,7.892580287929128,18.046410574746247,20.101066897347074,24.568234505862414,19.191666666666666,73.0,2027.0,1953.0,1880.0,1671.0,1401.0
7324043,83.73913043478261,79.73913043478261,94.8695652173913,22.65217391304348,25.65217391304348,1279,7324043,73.0,1,141.25,25.25,2.25,18.046410574746247,20.101066897347078,24.568234505862414,24.5,73.0,2850.0,3037.0,2934.0,3009.0,1993.0
7324044,125.51282051282051,120.46153846153848,95.69230769230771,45.884615384615394,32.115384615384606,1280,7324044,73.0,1,125.30769230769229,45.69230769230769,4.424099156657296,18.04641057474624,20.101066897347074,24.568234505862414,23.62307692307693,73.0,3341.0,2444.0,8796.0,9281.0,8440.0
7324045,98.2957746478873,94.69014084507042,96.3661971830986,50.71830985915493,48.985915492957744,1281,7324045,73.0,1,144.46153846153842,30.384615384615387,5.078967544083824,18.04641057474624,20.101066897347074,24.568234505862414,24.830769230769228,73.0,10585.0,7328.0,7523.0,7046.0,6043.0
7324048,21.70967741935484,20.596774193548384,95.14516129032258,7.419354838709677,33.88709677419355,1282,7324048,73.0,1,38.833333333333336,18.75,9.171096345514954,18.046410574746247,20.101066897347074,24.568234505862414,19.308333333333334,73.0,2222.0,1767.0,1440.0,1452.0,1141.0
7324055,83.1388888888889,78.68055555555556,94.22222222222223,34.65277777777778,40.125,1287,7324055,73.0,1,114.6153846153846,25.07692307692308,2.936238180424227,18.04641057474624,20.101066897347074,24.568234505862414,24.93846153846154,73.0,7428.0,6154.0,6288.0,6142.0,5222.0
7324057,97.7605633802817,94.02816901408451,95.67605633802819,51.38028169014085,50.69014084507042,1289,7324057,73.0,1,130.23076923076923,44.53846153846154,4.129568106312292,18.04641057474624,20.101066897347074,24.568234505862414,24.923076923076927,73.0,8325.0,6455.0,6741.0,7390.0,6084.0
7324070,18.8,18.33333333333333,97.0,7.2,36.46666666666667,1295,7324070,73.0,1,20.75,8.0,9.17109634551495,18.046410574746247,20.101066897347078,24.568234505862414,20.225,73.0,457.0,502.0,285.0,289.0,128.0
7326005,26.359375,24.84375,93.515625,10.6875,41.828125,1302,7326005,73.0,1,53.153846153846146,18.153846153846157,9.171096345514954,18.04641057474624,20.101066897347074,24.568234505862414,19.06153846153846,73.0,3249.0,2247.0,2101.0,1860.0,1491.0
7373080,13.909090909090908,13.363636363636365,96.54545454545456,4.727272727272728,35.77272727272727,1306,7373080,73.0,1,24.777777777777782,8.222222222222221,6.447397563676635,18.046410574746247,20.101066897347078,21.555555555555554,16.755555555555553,73.0,608.0,594.0,503.0,402.0,514.0
7429015,24.53521126760563,21.92957746478873,89.70422535211267,7.788732394366198,32.971830985915496,1312,7429015,74.0,1,66.76923076923077,28.30769230769231,6.245974955277282,18.04641057474624,20.101066897347074,24.568234505862414,18.261538461538464,74.0,3450.0,2527.0,2203.0,1986.0,1718.0
7430010,12.0,9.5,82.375,0.375,2.625,1317,7430010,74.0,1,29.69230769230769,14.615384615384615,9.171096345514954,18.04641057474624,20.101066897347074,22.890949619894165,14.5,74.0,1061.0,932.0,970.0,655.0,509.0
7430015,14.166666666666664,12.666666666666664,90.16666666666669,3.5,23.5,1318,7430015,74.0,1,24.25,5.5,9.17109634551495,18.046410574746247,20.101066897347078,18.0920586264656,12.3,74.0,185.0,226.0,155.0,142.0,174.0
7430016,21.647058823529417,21.137254901960784,97.33333333333331,5.666666666666668,24.96078431372549,1319,7430016,74.0,1,58.444444444444436,20.33333333333333,5.4093761535622,18.046410574746247,20.101066897347078,24.568234505862414,16.61111111111111,74.0,1834.0,1333.0,1517.0,1318.0,1103.0
7474018,11.142857142857142,11.142857142857142,100.0,5.0,46.0,1322,7474018,74.0,1,23.0,13.777777777777779,9.171096345514954,16.444444444444443,17.62222222222222,17.344444444444445,11.18888888888889,74.0,281.0,285.0,238.0,254.0,166.0
7474019,16.428571428571427,16.142857142857142,98.5,5.214285714285714,32.285714285714285,1323,7474019,74.0,1,66.5,21.0,5.085548172757475,18.6,20.575,21.5,18.0,74.0,487.0,390.0,555.0,569.0,496.0
7575014,137.58490566037736,127.73584905660377,91.49056603773585,56.283018867924525,34.547169811320764,1328,7575014,75.0,1,266.22222222222223,57.444444444444436,13.796788482834994,18.046410574746247,20.101066897347078,24.568234505862414,24.68888888888889,75.0,8090.0,7247.0,15814.0,10372.0,8190.0
7575022,77.70967741935483,72.7741935483871,93.58064516129032,22.12903225806452,25.87096774193548,1333,7575022,75.0,1,217.0,30.4,13.8,18.046410574746247,20.101066897347078,24.568234505862414,23.54,75.0,6071.0,5834.0,5934.0,4351.0,2843.0
7575033,97.44444444444444,94.66666666666669,97.22222222222223,34.55555555555556,34.44444444444444,1342,7575033,75.0,1,237.2,37.4,27.6,18.046410574746247,20.101066897347078,25.854587604689932,25.36,75.0,5798.0,6846.0,6823.0,5368.0,4395.0
7575034,92.92307692307692,87.42307692307692,93.57692307692308,35.42307692307692,35.07692307692308,1343,7575034,75.0,1,284.0,51.5,5.585548172757474,18.046410574746247,20.101066897347078,26.6,24.675,75.0,4607.0,3958.0,4012.0,1903.0,1878.0
7575035,67.33333333333333,61.62962962962962,91.25925925925924,23.51851851851852,31.296296296296298,1344,7575035,75.0,1,219.5,73.75,7.939161129568107,18.046410574746247,20.101066897347078,25.775,24.3625,75.0,8836.0,7887.0,2784.0,1594.0,1287.0
7575036,87.7142857142857,81.90476190476191,93.57142857142857,34.61904761904762,39.42857142857143,1345,7575036,75.0,1,211.375,75.75,8.210548172757477,18.046410574746247,20.101066897347078,26.1,23.5625,75.0,8249.0,8029.0,2597.0,1707.0,1216.0
7599116,21.263157894736842,16.473684210526315,79.07894736842105,2.2105263157894743,12.578947368421053,1346,7599116,75.0,1,13.0,13.0,9.17109634551495,18.046410574746247,20.101066897347078,24.568234505862414,9.9,75.0,0.0,0.0,0.0,7.0,95.0
7832003,38.18840579710145,35.79710144927536,93.92753623188406,12.18840579710145,31.956521739130434,1347,7832003,78.0,1,155.84615384615384,51.0,7.103245591617684,18.04641057474624,20.101066897347074,24.016470042520137,20.323076923076922,78.0,7837.0,6522.0,6349.0,6562.0,5260.0
7876003,33.869565217391305,32.43478260869565,96.15942028985508,13.014492753623188,37.79710144927536,1352,7876003,78.0,1,125.76923076923076,26.84615384615385,5.5405060056222855,18.04641057474624,20.101066897347074,22.436018038912497,19.02307692307692,78.0,5486.0,5289.0,3738.0,3634.0,2962.0
7965009,150.4268292682927,146.31707317073167,96.82926829268291,65.2560975609756,39.09756097560975,1360,7965009,79.0,1,215.38461538461542,57.69481438843578,10.0,18.04641057474624,20.101066897347074,24.568234505862414,25.43076923076924,79.0,13079.0,6052.0,17403.0,14847.0,11703.0
7965033,42.0,40.26984126984127,95.93650793650794,15.555555555555555,38.333333333333336,1372,7965033,79.0,1,62.153846153846146,15.156352849974233,6.142729363659598,18.04641057474624,20.101066897347074,24.568234505862414,22.7,79.0,3720.0,3225.0,3076.0,3036.0,2453.0
7965039,122.86301369863014,121.75342465753424,99.04109589041096,92.45205479452056,73.41095890410959,1374,7965039,79.0,1,194.84615384615384,39.230769230769226,5.129568106312292,18.04641057474624,20.101066897347074,24.568234505862414,26.13076923076923,79.0,8852.0,12145.0,13382.0,13300.0,9277.0
7966004,36.91428571428571,35.457142857142856,96.17142857142859,7.685714285714287,20.88571428571429,1376,7966004,79.0,1,82.0,21.0046552928093,4.024442335073564,18.046410574746247,20.101066897347078,23.385714285714283,23.242857142857147,79.0,2273.0,1692.0,1495.0,1420.0,1014.0
7979044,22.615384615384613,22.461538461538463,99.42307692307692,10.192307692307693,45.92307692307693,1383,7979044,79.0,1,81.83333333333333,16.666666666666668,6.447397563676634,18.046410574746247,20.101066897347078,24.568234505862414,19.58333333333333,79.0,1578.0,1451.0,1928.0,1665.0,1564.0
7999081,16.133333333333333,13.7,85.93333333333334,3.2333333333333334,18.366666666666667,1386,7999081,79.0,1,28.5,12.0,5.585548172757474,18.046410574746247,20.101066897347078,12.5,20.25,79.0,13.0,52.0,177.0,457.0,446.0
8181013,38.88732394366197,36.901408450704224,95.35211267605635,11.873239436619716,30.253521126760567,1389,8181013,81.0,1,81.53846153846153,32.53846153846154,6.656912854587276,18.04641057474624,20.101066897347074,24.568234505862414,18.99230769230769,81.0,4614.0,3562.0,3353.0,2963.0,2404.0
8280002,72.24324324324324,67.67567567567568,92.62162162162164,27.594594594594593,34.945945945945944,1393,8280002,82.0,1,116.0,22.66666666666667,11.0,18.046410574746247,20.584222414455898,24.568234505862414,23.466666666666665,82.0,2827.0,2559.0,2642.0,2602.0,2507.0
8282039,53.911764705882355,49.79411764705882,91.32352941176471,28.823529411764714,52.0,1398,8282039,82.0,1,148.71428571428572,32.29968016414217,4.167299477930706,18.046410574746247,20.101066897347078,22.314285714285717,20.542857142857144,82.0,3402.0,3252.0,2664.0,2584.0,2358.0
8288006,32.231884057971016,27.7536231884058,87.2463768115942,9.55072463768116,31.956521739130434,1400,8288006,82.0,1,99.15384615384615,21.62039800764078,5.6923076923076925,18.04641057474624,20.101066897347074,24.568234505862414,21.50769230769231,82.0,5003.0,5068.0,4389.0,3982.0,3174.0
8288024,104.2738095238095,94.41666666666669,89.85714285714286,37.476190476190474,31.66666666666667,1410,8288024,82.0,1,127.46153846153848,22.461538461538463,3.692307692307693,18.04641057474624,20.101066897347074,24.568234505862414,22.253846153846155,82.0,0.0,0.0,6968.0,12427.0,9803.0
8321004,80.26666666666667,76.09333333333333,93.93333333333334,40.586666666666666,47.10666666666667,1416,8321004,83.0,1,89.30769230769229,20.017546872896574,6.48786097623307,18.04641057474624,20.101066897347074,24.568234505862414,23.646153846153847,83.0,0.0,5732.0,5943.0,5855.0,5529.0
8383035,163.97560975609755,158.15853658536585,95.5,79.58536585365853,43.085365853658544,1418,8383035,83.0,1,183.3076923076923,19.632931488281194,12.55162279580884,18.04641057474624,20.101066897347074,24.568234505862414,24.038461538461537,83.0,5.0,12895.0,12790.0,13482.0,11808.0
8383044,17.8,16.2,91.4,5.8,32.0,1427,8383044,83.0,1,36.0,17.0,9.17109634551495,18.046410574746247,20.101066897347078,19.3,17.6,83.0,115.0,106.0,81.0,78.0,97.0
8389002,34.682539682539684,33.58730158730159,96.6825396825397,15.079365079365079,44.36507936507937,1428,8389002,83.0,1,65.92307692307692,13.091963253691572,5.3734985944288285,18.04641057474624,20.101066897347074,24.71402654297109,19.80769230769231,83.0,2973.0,2728.0,2822.0,2744.0,2499.0
8389010,22.490909090909085,21.21818181818182,94.87272727272727,7.872727272727272,36.92727272727272,1432,8389010,83.0,1,43.36363636363637,12.838919031605053,5.638779824826338,18.046410574746247,20.101066897347074,24.21657682351129,16.42727272727273,83.0,1235.0,1376.0,1426.0,1386.0,1256.0
8484012,15.764705882352944,14.411764705882351,92.14705882352942,5.941176470588236,39.352941176470594,1447,8484012,84.0,1,60.769230769230774,18.923076923076927,7.914004600051113,18.04641057474624,20.101066897347074,24.568234505862414,13.084615384615386,84.0,1740.0,1588.0,1483.0,1186.0,987.0
8585018,37.614285714285714,36.58571428571429,97.02857142857141,12.82857142857143,33.457142857142856,1459,8585018,85.0,1,65.76923076923077,25.69230769230769,6.015205724508051,18.04641057474624,20.101066897347074,24.568234505862414,19.83846153846154,85.0,2888.0,2807.0,2924.0,2969.0,2412.0
8585026,24.285714285714285,22.92857142857143,93.95714285714287,7.171428571428572,28.65714285714286,1462,8585026,85.0,1,52.384615384615394,20.615384615384613,7.285458727319193,18.04641057474624,20.101066897347074,24.568234505862414,21.623076923076926,85.0,2921.0,2717.0,2239.0,2439.0,1869.0
9156002,21.07246376811594,20.608695652173914,97.79710144927536,8.043478260869565,38.130434782608695,1476,9156002,91.0,1,68.15384615384616,26.771737465358854,6.733835931510352,18.04641057474624,20.101066897347074,23.615384615384613,15.684615384615386,91.0,2476.0,2168.0,1981.0,1957.0,1388.0
9156007,24.253731343283587,22.746268656716413,93.05970149253731,11.74626865671642,46.82089552238807,1479,9156007,91.0,1,80.23076923076924,29.005013392256163,6.874520828009201,18.04641057474624,20.101066897347074,24.568234505862414,17.000000000000004,91.0,4021.0,3072.0,3008.0,2736.0,1575.0
9156008,68.91666666666667,65.75,95.04166666666669,24.16666666666667,33.041666666666664,1480,9156008,91.0,1,111.25,30.625,4.439161129568107,18.046410574746247,20.101066897347078,24.568234505862414,21.45,91.0,4082.0,3405.0,3296.0,3421.0,2449.0
9191023,44.97183098591549,43.78873239436621,97.2112676056338,18.056338028169016,39.816901408450704,1488,9191023,91.0,1,72.53846153846153,15.466551853794625,7.195374393048812,18.04641057474624,20.101066897347074,24.568234505862414,20.207692307692305,91.0,3523.0,3408.0,3327.0,3125.0,2548.0
9191024,59.33333333333334,58.0,98.0,32.5,53.04166666666666,1489,9191024,91.0,1,105.2,68.0,2.6,18.046410574746247,20.101066897347078,25.24,22.200000000000006,91.0,2055.0,1411.0,1411.0,1344.0,1063.0
9292007,18.63636363636364,13.212121212121213,68.87878787878788,1.2121212121212122,7.666666666666668,1490,9292007,92.0,1,108.66666666666669,12.799502477554492,7.4664082687338515,10.411111111111113,13.577777777777774,13.244444444444444,11.255555555555556,92.0,1076.0,1141.0,1109.0,1274.0,1107.0
9292013,15.714285714285715,13.0,82.85714285714286,0.8571428571428571,6.428571428571429,1496,9292013,92.0,1,66.5,15.032587049665075,5.835548172757474,18.046410574746247,20.101066897347078,24.568234505862414,12.2,92.0,0.0,755.0,717.0,529.0,847.0
9339006,24.30769230769231,22.23076923076923,91.23076923076924,10.153846153846152,41.46153846153846,1507,9339006,93.0,1,33.333333333333336,8.010862349888358,6.447397563676634,18.046410574746247,20.101066897347078,24.568234505862414,19.166666666666668,93.0,229.0,251.0,339.0,151.0,129.0
9343092,15.947368421052632,15.68421052631579,98.0,11.157894736842103,69.05263157894737,1511,9343092,93.0,1,79.46153846153847,37.23327592689731,6.41298236647074,19.500000000000004,20.884615384615387,21.684615384615388,14.107692307692306,93.0,2544.0,1796.0,1441.0,832.0,718.0
9346017,12.875,12.875,100.0,11.125,86.25,1514,9346017,93.0,1,7.9230769230769225,11.173899722870818,9.171096345514954,18.04641057474624,20.101066897347074,24.568234505862414,14.076923076923075,93.0,258.0,271.0,141.0,118.0,77.0
9357012,10.0,10.0,100.0,7.5,75.0,1520,9357012,93.0,1,6.9230769230769225,7.85868732679426,9.171096345514954,18.04641057474624,20.101066897347074,24.568234505862414,16.092307692307696,93.0,301.0,337.0,168.0,130.0,74.0
9361060,19.75,19.384615384615387,98.59615384615385,12.115384615384615,61.53846153846154,1523,9361060,93.0,1,96.76923076923076,44.69230769230769,6.399821109123436,19.96923076923077,21.553846153846155,25.03076923076923,17.153846153846153,93.0,4339.0,2829.0,2502.0,2038.0,1641.0
9368001,12.0,12.0,100.0,9.0,75.0,1524,9368001,93.0,1,5.461538461538462,7.086949861435407,9.171096345514954,18.04641057474624,20.101066897347074,24.568234505862414,16.638461538461538,93.0,234.0,223.0,189.0,160.0,44.0
9393002,22.618181818181814,21.145454545454548,92.63636363636364,10.072727272727274,42.45454545454545,1537,9393002,93.0,1,112.84615384615385,50.848660542281934,6.887682085356506,19.11538461538462,21.138461538461534,23.407692307692308,16.23076923076923,93.0,3721.0,3366.0,3614.0,2509.0,1886.0
9393004,10.875,10.875,100.0,9.5,86.625,1539,9393004,93.0,1,5.6923076923076925,10.248316103665813,9.171096345514954,18.04641057474624,20.101066897347074,24.568234505862414,14.93846153846154,93.0,36.0,269.0,239.0,116.0,55.0
9393005,23.90697674418605,23.6046511627907,98.27906976744184,13.255813953488374,51.44186046511628,1540,9393005,93.0,1,125.8181818181818,57.915015827211825,5.714134702506796,18.046410574746247,20.101066897347074,24.981818181818184,17.3,93.0,3710.0,3749.0,2439.0,2219.0,1840.0
9393006,10.0,10.0,100.0,9.0,90.0,1541,9393006,93.0,1,47.27272727272727,27.457507913605923,6.942615524010876,17.91818181818182,20.2,18.318181818181817,10.763636363636362,93.0,959.0,749.0,305.0,193.0,98.0
