SCHOOL_NUMBER,ELIGIBLE_TO_GRADUATE_COUNT,GRADUATED_COUNT,ELIGIBLE_GRADUATION_RATE_PCT,HONOURS_COUNT,HONOURS_PERCENT
1010006,26.5625,24.979166666666668,93.66666666666667,12.416666666666666,47.125
1010011,14.555555555555555,12.88888888888889,88.88888888888889,6.666666666666667,45.333333333333336
1919003,59.75,58.464285714285715,97.78571428571429,21.410714285714285,35.785714285714285
2009010,83.05263157894737,79.82456140350877,95.84210526315789,36.08771929824562,42.824561403508774
2011012,99.56451612903226,97.38709677419355,97.14516129032258,45.17741935483871,42.564516129032256
2011014,46.57142857142857,45.91428571428571,98.48571428571428,25.457142857142856,54.77142857142857
2222007,90.45,86.71666666666667,95.85,43.56666666666667,44.56666666666667
2222017,120.56666666666666,116.4,96.1,60.25,47.86666666666667
2222022,105.44,103.38,97.9,63.08,60.14
2222025,100.86666666666666,99.53333333333333,98.63333333333334,47.2,44.5
2222027,44.49122807017544,42.666666666666664,95.6842105263158,17.719298245614034,39.8421052631579
2296261,18.69047619047619,18.61904761904762,99.28571428571429,8.69047619047619,46.80952380952381
2299151,12.75,12.0,94.5,3.75,29.75
2323000,14.75,14.75,100.0,2.0,14.25
2323005,15.676470588235293,14.5,92.61764705882354,3.0588235294117645,18.235294117647058
2323028,101.64444444444445,100.15555555555555,98.6,46.644444444444446,43.48888888888889
2323044,226.25714285714287,219.54285714285714,96.57142857142857,99.71428571428571,38.05714285714286
2323051,256.3382352941176,252.5441176470588,98.55882352941177,119.76470588235294,41.588235294117645
2323059,144.02439024390245,143.3658536585366,99.51219512195122,90.39024390243902,62.048780487804876
2323076,305.3768115942029,297.07246376811594,96.72463768115942,159.65217391304347,45.608695652173914
2323080,82.46153846153847,81.84615384615384,98.92307692307692,43.23076923076923,49.30769230769231
2323081,131.33333333333334,130.25,98.58333333333333,103.83333333333333,75.25
2396013,37.32,37.08,99.38,24.96,65.98
2396023,13.333333333333334,12.555555555555555,94.22222222222223,5.111111111111111,35.77777777777778
2396281,47.36734693877551,47.04081632653061,99.36734693877551,34.55102040816327,73.40816326530613
2396479,18.25581395348837,17.627906976744185,96.06976744186046,10.325581395348838,55.74418604651163
2396676,13.75,13.75,100.0,7.0,48.75
2396738,62.08163265306123,52.44897959183673,83.6734693877551,29.93877551020408,48.0
2396825,23.076923076923077,23.076923076923077,100.0,20.153846153846153,87.6923076923077
2399159,12.11111111111111,8.444444444444445,70.66666666666667,2.0,17.0
2727000,18.695652173913043,13.0,73.0,1.608695652173913,9.826086956521738
2727047,83.37209302325581,74.90697674418605,89.06976744186046,28.069767441860463,30.627906976744185
2727056,81.83333333333333,78.63333333333334,95.76666666666667,26.333333333333332,30.316666666666666
2727069,55.266666666666666,47.75555555555555,84.11111111111111,20.42222222222222,32.86666666666667
2727072,116.0,105.52380952380952,88.80952380952381,46.857142857142854,34.476190476190474
2796177,11.0,11.0,100.0,5.0,45.0
2796263,11.727272727272727,11.727272727272727,100.0,5.0,42.54545454545455
2799060,18.25,15.5,84.5,3.5,19.5
2799094,13.166666666666666,8.166666666666666,61.833333333333336,2.0,15.166666666666666
2828004,105.94736842105263,100.21052631578948,94.26315789473684,47.8421052631579,42.1578947368421
2828034,128.0909090909091,121.98484848484848,95.07575757575758,54.333333333333336,37.166666666666664
2899005,11.0,11.0,100.0,0.0,0.0
3333000,12.125,9.75,79.5,1.375,13.5
3333012,167.25714285714287,154.87142857142857,91.52857142857142,62.42857142857143,32.214285714285715
3333018,228.18309859154928,215.66197183098592,94.32394366197182,104.15492957746478,40.91549295774648
3333043,89.28571428571429,80.95918367346938,89.18367346938776,32.44897959183673,32.48979591836735
3396181,21.068181818181817,20.613636363636363,97.54545454545455,10.181818181818182,48.95454545454545
3396209,20.4,20.4,100.0,16.333333333333332,79.88888888888889
3396251,21.836734693877553,21.755102040816325,99.71428571428571,12.816326530612244,59.0
3396354,17.837209302325583,17.511627906976745,98.25581395348837,9.790697674418604,53.627906976744185
3398003,69.58490566037736,40.64150943396226,58.62264150943396,12.547169811320755,17.90566037735849
3399056,15.8,15.133333333333333,95.73333333333333,1.9333333333333333,14.133333333333333
3434000,13.869565217391305,11.478260869565217,82.47826086956522,1.173913043478261,8.652173913043478
3434022,148.56521739130434,141.69565217391303,95.02898550724638,54.47826086956522,31.82608695652174
3434038,169.4179104477612,164.53731343283582,96.58208955223881,97.86567164179104,53.014925373134325
3434041,192.4927536231884,185.8985507246377,95.82608695652173,100.33333333333333,46.17391304347826
3434052,119.46031746031746,113.93650793650794,94.52380952380952,56.682539682539684,42.06349206349206
3434054,132.4,127.52307692307693,96.23076923076923,63.16923076923077,42.86153846153846
3434061,76.82,72.7,94.36,38.8,49.0
3434062,30.0,28.4,94.6,9.2,31.0
3434064,26.5,25.833333333333332,97.91666666666667,11.333333333333334,40.625
3496020,121.68,120.56,99.04,77.48,63.88
3496069,60.14,59.18,98.3,35.72,58.2
3496425,16.4,16.2,98.0,11.8,73.66666666666667
3496595,53.72,52.44,97.64,36.78,67.06
3496607,11.5,11.5,100.0,10.0,85.0
3499055,16.058823529411764,15.235294117647058,94.70588235294117,2.1470588235294117,14.647058823529411
3499101,20.727272727272727,15.795454545454545,78.31818181818181,4.613636363636363,23.318181818181817
3535007,11.5,11.0,96.0,0.21428571428571427,2.142857142857143
3535019,109.55223880597015,102.19402985074628,92.46268656716418,37.32835820895522,31.044776119402986
3535020,102.6984126984127,93.95238095238095,91.19047619047619,36.19047619047619,31.92063492063492
3535029,80.95,79.0,97.2,49.3,59.8
3535031,76.2,64.3,84.0,19.2,25.8
3535034,101.68253968253968,95.3015873015873,93.01587301587301,40.53968253968254,37.04761904761905
3535036,121.96969696969697,117.0909090909091,95.37878787878788,46.56060606060606,33.5
3535041,115.8135593220339,112.86440677966101,97.15254237288136,56.932203389830505,45.067796610169495
3535050,192.07142857142858,186.37142857142857,96.01428571428572,93.28571428571429,41.91428571428571
3535056,71.22222222222223,69.73333333333333,97.93333333333334,42.577777777777776,58.888888888888886
3535060,77.28125,75.40625,97.21875,49.3125,62.25
3596061,20.142857142857142,18.642857142857142,93.38095238095238,11.595238095238095,59.69047619047619
3596289,41.02,40.78,99.5,21.12,51.78
3596311,55.5,54.88,98.82,33.38,60.18
3596376,10.571428571428571,10.571428571428571,100.0,6.714285714285714,63.714285714285715
3596631,10.0,8.0,80.0,1.0,10.0
3599050,21.5609756097561,15.634146341463415,71.29268292682927,1.5121951219512195,7.512195121951219
3599092,16.166666666666668,12.583333333333334,76.58333333333333,1.0,5.25
3599168,24.068181818181817,14.295454545454545,59.86363636363637,1.7272727272727273,7.409090909090909
3599173,14.444444444444445,10.5,71.55555555555556,0.4444444444444444,3.1666666666666665
3599201,14.666666666666666,11.0,75.0,0.0,0.0
3599202,11.666666666666666,9.0,77.5,0.5,5.0
3636000,54.16,37.42,70.02,2.86,5.5
3636022,153.20634920634922,142.74603174603175,92.23809523809524,67.15873015873017,39.6031746031746
3636028,187.50877192982455,179.4561403508772,95.57894736842105,97.19298245614036,48.01754385964912
3636041,170.6060606060606,161.03030303030303,93.72727272727273,74.6969696969697,38.984848484848484
3636045,158.0151515151515,150.77272727272728,95.18181818181819,85.4090909090909,49.28787878787879
3636047,108.64102564102564,103.52564102564102,94.02564102564102,45.666666666666664,35.11538461538461
3636049,190.95384615384614,183.52307692307693,95.0923076923077,120.6,59.49230769230769
3636079,127.89855072463769,115.78260869565217,88.1304347826087,51.98550724637681,34.56521739130435
3636105,197.42424242424244,187.63636363636363,94.06060606060606,99.75757575757575,44.39393939393939
3636106,120.47058823529412,110.73529411764706,91.04411764705883,47.30882352941177,33.8235294117647
3636114,166.79365079365078,160.73015873015873,95.96825396825396,78.76190476190476,42.333333333333336
3636141,175.77777777777777,167.87301587301587,95.01587301587301,104.92063492063492,55.34920634920635
3636150,165.89830508474577,157.94915254237287,94.05084745762711,89.67796610169492,50.52542372881356
3636156,162.88524590163934,158.327868852459,96.42622950819673,99.67213114754098,57.704918032786885
3636164,156.98076923076923,148.1346153846154,94.1923076923077,72.11538461538461,44.36538461538461
3636167,153.34848484848484,146.71212121212122,94.45454545454545,79.03030303030303,48.22727272727273
3636175,155.9,144.88333333333333,91.33333333333333,65.7,38.266666666666666
3636232,187.58333333333334,179.83333333333334,95.72916666666667,92.8125,45.520833333333336
3636246,196.03571428571428,186.41071428571428,94.51785714285714,83.51785714285714,40.982142857142854
3636248,137.18309859154928,127.40845070422536,91.70422535211267,62.87323943661972,38.816901408450704
3696015,76.3,75.7,99.2,42.4,55.45
3696048,15.058823529411764,15.058823529411764,100.0,12.558823529411764,82.70588235294117
3696166,114.94,112.8,98.18,69.3,60.54
3696266,73.96666666666667,73.3,99.16666666666667,47.0,63.7
3696309,24.551020408163264,24.142857142857142,98.46938775510205,18.775510204081634,77.3265306122449
3696394,90.23529411764706,89.84313725490196,99.50980392156863,70.13725490196079,77.09803921568627
3696476,32.9,32.34,98.48,17.12,49.46
3696585,14.0,14.0,100.0,13.0,93.0
3696610,52.577777777777776,52.4,99.68888888888888,45.4,86.2
3696669,52.8,52.8,100.0,46.4,87.8
3696720,33.357142857142854,26.30952380952381,82.35714285714286,19.428571428571427,60.595238095238095
3696830,14.285714285714286,10.428571428571429,73.0,2.4285714285714284,15.714285714285714
3699057,16.25,13.555555555555555,82.83333333333333,1.3055555555555556,7.888888888888889
3699059,12.285714285714286,10.714285714285714,87.47619047619048,1.1428571428571428,9.285714285714286
3699062,14.91304347826087,12.782608695652174,85.08695652173913,1.3043478260869565,8.434782608695652
3699064,15.444444444444445,14.0,90.11111111111111,1.9444444444444444,12.833333333333334
3699121,18.78048780487805,14.390243902439025,75.6829268292683,0.7073170731707317,3.658536585365854
3699142,114.2,67.89090909090909,61.054545454545455,16.927272727272726,15.254545454545454
3737000,16.375,10.791666666666666,66.83333333333333,0.8333333333333334,5.208333333333333
3737003,170.14285714285714,165.63492063492063,96.6984126984127,70.60317460317461,37.15873015873016
3737012,135.17460317460316,126.25396825396825,92.03174603174604,45.714285714285715,29.61904761904762
3737021,73.13846153846154,69.83076923076923,94.07692307692308,27.153846153846153,32.0
3737034,88.89090909090909,85.41818181818182,95.63636363636364,36.29090909090909,38.10909090909091
3737037,161.65,156.83333333333334,96.58333333333333,77.13333333333334,43.7
3737038,93.58333333333333,91.16666666666667,96.31666666666666,34.61666666666667,33.35
3737040,164.3728813559322,157.23728813559322,95.32203389830508,82.2542372881356,46.57627118644068
3796694,27.80851063829787,27.638297872340427,99.36170212765957,21.382978723404257,75.87234042553192
3799170,17.0,9.409090909090908,57.72727272727273,0.5,3.0454545454545454
3838000,45.83673469387755,36.285714285714285,77.93877551020408,3.5510204081632653,8.938775510204081
3838024,90.46551724137932,86.01724137931035,94.58620689655173,44.241379310344826,47.741379310344826
3838031,91.88709677419355,86.0,92.03225806451613,39.96774193548387,41.87096774193548
3838033,133.26315789473685,129.87719298245614,97.0701754385965,83.47368421052632,61.578947368421055
3838042,156.65,149.91666666666666,95.1,91.71666666666667,56.56666666666667
3838044,119.88524590163935,110.11475409836065,90.04918032786885,50.19672131147541,38.49180327868852
3838045,166.2295081967213,159.0327868852459,95.01639344262296,103.49180327868852,60.131147540983605
3838058,109.77777777777777,103.29629629629629,93.37037037037037,50.51851851851852,44.870370370370374
3838062,158.0754716981132,152.81132075471697,96.84905660377359,86.75471698113208,53.18867924528302
3838064,91.92592592592592,86.96296296296296,94.0,50.2962962962963,51.851851851851855
3838065,166.26666666666668,161.7,96.83333333333333,113.53333333333333,67.05
3896178,45.48,44.76,98.18,32.22,69.06
3896889,16.5,10.0,60.25,3.75,22.75
3899175,11.555555555555555,7.555555555555555,66.55555555555556,1.3333333333333333,12.666666666666666
3939000,251.7058823529412,212.0392156862745,83.76470588235294,38.372549019607845,15.549019607843137
3939001,65.32,59.9,91.56,30.08,46.16
3939003,157.33333333333334,152.26666666666668,96.16666666666667,103.13333333333334,58.75
3939004,68.06060606060606,62.621212121212125,90.75757575757575,30.363636363636363,37.36363636363637
3939006,169.1639344262295,161.55737704918033,94.75409836065573,98.78688524590164,53.9344262295082
3939007,118.98245614035088,110.80701754385964,92.08771929824562,43.50877192982456,33.64912280701754
3939008,150.234375,148.203125,98.421875,108.40625,66.765625
3939010,113.80357142857143,108.17857142857143,94.625,60.67857142857143,49.785714285714285
3939011,164.66153846153847,155.66153846153847,93.07692307692308,83.46153846153847,42.276923076923076
3939012,156.36065573770492,151.45901639344262,96.24590163934427,106.09836065573771,60.950819672131146
3939014,144.73214285714286,138.25,95.76785714285714,78.26785714285714,51.142857142857146
3939015,275.52542372881356,266.3728813559322,96.52542372881356,183.71186440677965,61.0
3939016,225.26666666666668,210.0,91.3,119.53333333333333,47.233333333333334
3939017,109.21428571428571,103.67857142857143,94.375,59.82142857142857,51.607142857142854
3939018,207.28813559322035,198.0,95.2542372881356,99.13559322033899,42.91525423728814
3939019,154.0,150.5,97.85,113.5,68.0
3939020,134.67241379310346,126.27586206896552,92.75862068965517,53.48275862068966,36.86206896551724
3939022,181.1290322580645,170.1290322580645,92.95161290322581,106.64516129032258,52.70967741935484
3939024,92.8,90.66,97.64,71.78,77.16
3995051,16.166666666666668,16.083333333333332,99.33333333333333,15.722222222222221,96.72222222222223
3996002,156.525,156.325,99.8,144.025,92.0
3996004,88.375,88.375,100.0,85.475,96.7
3996007,148.66666666666666,148.0,99.52380952380952,105.57142857142857,70.33333333333333
3996011,56.476190476190474,56.476190476190474,100.0,53.523809523809526,94.85714285714286
3996019,91.725,91.725,100.0,86.225,93.9
3996022,87.64,86.76,98.9,45.72,51.86
3996030,78.74,78.74,100.0,54.16,68.06
3996319,11.0,9.666666666666666,88.33333333333333,2.6666666666666665,24.333333333333332
3996332,18.767441860465116,18.674418604651162,99.46511627906976,6.8604651162790695,36.16279069767442
3996435,29.897959183673468,29.653061224489797,99.20408163265306,23.387755102040817,77.44897959183673
3996451,26.8125,26.5625,98.77083333333333,20.1875,76.35416666666667
3996497,28.0,24.0,85.6,4.0,15.8
3996527,29.093023255813954,24.53488372093023,86.65116279069767,6.325581395348837,17.837209302325583
3996538,15.0,13.75,91.5,9.333333333333334,60.666666666666664
3996601,10.0,9.0,90.0,2.5,25.0
3996645,53.28,53.2,99.82,47.78,89.38
3996659,52.52,46.92,89.92,9.98,20.48
3996692,22.96,22.96,100.0,22.08,96.36
3996721,24.17391304347826,17.652173913043477,72.73913043478261,12.08695652173913,50.34782608695652
3996724,12.0,11.333333333333334,94.66666666666667,8.333333333333334,69.0
3996732,10.0,9.0,90.0,9.0,90.0
3996733,21.11627906976744,18.697674418604652,88.88372093023256,5.767441860465116,27.325581395348838
3996845,14.333333333333334,13.833333333333334,96.0,4.0,28.333333333333332
3996870,17.75,17.0,96.25,8.25,47.5
3996895,15.5,11.75,75.25,5.25,33.0
3998004,73.22,58.04,80.66,16.4,23.1
3999224,12.714285714285714,11.571428571428571,91.71428571428571,2.4285714285714284,18.142857142857142
4040000,18.105263157894736,15.052631578947368,84.47368421052632,2.473684210526316,13.736842105263158
4040008,239.2112676056338,233.40845070422534,97.95774647887323,110.30985915492958,39.690140845070424
4096707,11.454545454545455,10.909090909090908,95.0909090909091,1.4545454545454546,13.181818181818182
4096862,18.3,16.9,92.4,11.8,66.0
4099124,16.48,15.92,97.0,1.84,10.52
4099126,12.6,11.8,93.86666666666666,1.8,14.4
4099185,11.916666666666666,11.916666666666666,100.0,1.75,14.833333333333334
4141000,23.977777777777778,21.22222222222222,87.75555555555556,2.888888888888889,11.533333333333333
4141001,201.1153846153846,189.8653846153846,93.86538461538461,107.01923076923077,52.67307692307692
4141002,292.9824561403509,282.42105263157896,95.52631578947368,192.56140350877192,61.175438596491226
4141005,111.41509433962264,104.81132075471699,93.81132075471699,57.24528301886792,49.9622641509434
4141007,96.04,89.82,93.56,46.34,48.88
4141011,190.32692307692307,182.19230769230768,95.86538461538461,119.5576923076923,60.88461538461539
4141062,225.59259259259258,210.59259259259258,92.29629629629629,131.0,56.148148148148145
4141063,164.57142857142858,155.89285714285714,94.66071428571429,89.60714285714286,51.660714285714285
4141066,25.825,20.05,79.7,1.85,7.425
4141068,146.9056603773585,135.18867924528303,91.45283018867924,70.64150943396227,46.9811320754717
4196031,102.6,102.12,99.42,77.44,75.24
4196169,18.571428571428573,18.178571428571427,97.71428571428571,10.964285714285714,57.214285714285715
4196766,29.354166666666668,28.604166666666668,97.6875,19.0,64.9375
4199145,19.789473684210527,17.789473684210527,89.63157894736842,5.2368421052631575,24.842105263157894
4199196,14.0,9.0,64.0,0.0,0.0
4199303,19.0,14.0,73.5,3.5,18.0
4242000,16.62162162162162,11.405405405405405,67.89189189189189,1.4324324324324325,9.432432432432432
4242001,139.77611940298507,135.07462686567163,95.73134328358209,66.59701492537313,41.83582089552239
4242002,99.01538461538462,92.15384615384616,92.61538461538461,36.738461538461536,33.61538461538461
4242003,113.2280701754386,109.75438596491227,96.6140350877193,51.40350877192982,43.01754385964912
4242004,102.61290322580645,98.14516129032258,95.7741935483871,28.258064516129032,26.225806451612904
4242026,10.0,8.0,80.0,0.5,5.0
4242028,12.6,9.466666666666667,75.13333333333334,1.3333333333333333,9.866666666666667
4242038,118.05263157894737,111.9298245614035,94.47368421052632,62.96491228070175,50.24561403508772
4242045,105.83076923076923,100.9076923076923,94.73846153846154,37.52307692307692,31.661538461538463
4296099,17.70731707317073,17.70731707317073,100.0,10.0,55.65853658536585
4296400,28.65,28.55,99.725,25.05,86.25
4296673,26.4,26.4,100.0,19.6,73.9
4299153,36.55769230769231,32.65384615384615,89.46153846153847,1.8846153846153846,5.384615384615385
4299154,13.318181818181818,6.363636363636363,47.36363636363637,0.5,4.090909090909091
4343000,23.26923076923077,21.384615384615383,92.65384615384616,1.6538461538461537,7.6923076923076925
4343030,12.0,12.0,100.0,10.0,83.0
4343060,28.67924528301887,26.11320754716981,90.56603773584905,2.188679245283019,7.849056603773585
4343076,198.90277777777777,186.875,91.70833333333333,96.09722222222223,42.708333333333336
4343080,189.875,182.265625,95.953125,98.859375,45.90625
4343088,188.6153846153846,178.13846153846154,93.32307692307693,106.16923076923077,48.92307692307692
4343125,198.21311475409837,187.21311475409837,94.1311475409836,110.77049180327869,50.81967213114754
4343127,190.23809523809524,185.46031746031747,97.06349206349206,109.01587301587301,54.65079365079365
4343130,205.65151515151516,195.74242424242425,93.51515151515152,124.93939393939394,54.43939393939394
4343132,172.8,165.70666666666668,94.58666666666667,77.26666666666667,38.77333333333333
4343136,212.44736842105263,204.51315789473685,95.67105263157895,89.51315789473684,35.73684210526316
4396349,24.574468085106382,16.851063829787233,68.40425531914893,2.6382978723404253,10.27659574468085
4396579,14.206896551724139,13.03448275862069,91.86206896551724,7.413793103448276,54.172413793103445
4396588,12.272727272727273,12.0,97.81818181818181,9.181818181818182,75.27272727272727
4396629,102.46,102.0,99.48,65.26,63.96
4399143,39.86666666666667,26.77777777777778,68.28888888888889,3.533333333333333,10.133333333333333
4399210,10.0,8.0,80.0,1.0,10.0
4399220,10.666666666666666,9.666666666666666,90.66666666666667,3.6666666666666665,34.0
4444000,38.125,32.083333333333336,81.41666666666667,4.75,9.583333333333334
4444012,132.38181818181818,121.78181818181818,91.89090909090909,59.61818181818182,43.527272727272724
4444022,192.43103448275863,184.67241379310346,95.03448275862068,112.70689655172414,54.827586206896555
4444025,190.140350877193,186.5438596491228,97.85964912280701,126.05263157894737,62.228070175438596
4444026,106.05172413793103,101.56896551724138,95.53448275862068,60.224137931034484,53.36206896551724
4444036,136.04347826086956,127.46376811594203,92.42028985507247,67.76811594202898,42.14492753623188
4444047,101.07272727272728,98.61818181818182,97.30909090909091,65.23636363636363,62.56363636363636
4496062,89.62,88.84,99.04,55.86,61.62
4496214,15.142857142857142,13.571428571428571,88.92857142857143,11.5,74.92857142857143
4496551,89.02,83.74,93.5,38.8,42.48
4496606,16.526315789473685,16.36842105263158,99.36842105263158,8.947368421052632,53.10526315789474
4496803,15.935483870967742,14.064516129032258,87.25806451612904,6.548387096774194,41.096774193548384
4499176,24.842105263157894,18.026315789473685,73.97368421052632,3.0526315789473686,13.078947368421053
4499191,14.75,13.107142857142858,90.03571428571429,4.107142857142857,28.107142857142858
4545010,159.05769230769232,156.07692307692307,98.21153846153847,108.46153846153847,66.07692307692308
4545015,192.38235294117646,187.5,96.63235294117646,112.77941176470588,50.63235294117647
4545081,118.39344262295081,115.8360655737705,97.60655737704919,69.32786885245902,54.78688524590164
4596367,87.6,87.52,99.9,67.66,77.04
4596701,48.26,48.18,99.88,39.44,80.98
4646008,76.84745762711864,75.64406779661017,98.55932203389831,37.559322033898304,47.610169491525426
4646012,20.068181818181817,18.75,93.52272727272727,7.090909090909091,37.97727272727273
4646017,72.84210526315789,71.0,97.71929824561404,33.29824561403509,43.78947368421053
4699076,16.44,15.04,91.56,4.68,30.16
4699160,10.5,10.0,95.5,2.5,23.5
4747000,30.9,26.7,87.5,8.1,26.8
4747021,107.1044776119403,97.88059701492537,90.71641791044776,35.791044776119406,30.029850746268657
4799161,11.428571428571429,9.142857142857142,80.14285714285714,7.0,61.714285714285715
4848004,112.59701492537313,107.82089552238806,95.04477611940298,50.19402985074627,39.08955223880597
4848021,29.35593220338983,28.35593220338983,96.37288135593221,11.64406779661017,38.271186440677965
4848022,50.4,49.52,98.26,33.52,65.64
4899215,13.3,11.3,84.8,0.8,6.0
4949002,13.0,12.882352941176471,99.17647058823529,5.352941176470588,41.8235294117647
4997012,15.2,13.5,89.2,2.5,16.5
501006,38.6,36.7,95.3,9.1,23.6
501016,29.166666666666668,29.166666666666668,100.0,2.6666666666666665,7.833333333333333
502001,161.86153846153846,157.1846153846154,96.9076923076923,62.53846153846154,35.16923076923077
505000,15.333333333333334,15.0,98.33333333333333,2.4166666666666665,15.666666666666666
5050001,15.166666666666666,13.166666666666666,87.43333333333334,4.3,28.266666666666666
5050012,16.11627906976744,15.69767441860465,97.11627906976744,5.325581395348837,32.72093023255814
505032,56.18181818181818,54.72727272727273,98.0,21.272727272727273,38.18181818181818
505033,19.463414634146343,19.365853658536587,99.39024390243902,6.634146341463414,34.853658536585364
505034,47.19047619047619,45.595238095238095,96.9047619047619,19.285714285714285,41.26190476190476
505035,32.5,31.475,96.875,9.45,29.075
5112002,55.46666666666667,53.8,96.75,21.6,38.3
5113010,20.122448979591837,19.79591836734694,98.16326530612245,10.510204081632653,52.46938775510204
5252009,56.0,50.666666666666664,89.2,18.533333333333335,31.166666666666668
5252018,62.28125,58.203125,93.25,21.8125,32.328125
5314001,59.44642857142857,57.535714285714285,96.375,22.964285714285715,36.714285714285715
5314008,36.0,34.54,95.86,16.34,45.48
5316004,26.849056603773583,26.11320754716981,96.94339622641509,11.566037735849056,42.471698113207545
5353000,12.0,11.333333333333334,94.66666666666667,4.0,34.0
5399162,13.0,11.0,85.0,1.0,8.0
5454011,29.313725490196077,28.745098039215687,98.17647058823529,9.666666666666666,32.490196078431374
5454013,88.6,86.2,96.9,38.4,41.21666666666667
5496064,11.8,11.8,100.0,6.4,55.0
5496091,10.777777777777779,10.11111111111111,93.77777777777777,4.166666666666667,39.388888888888886
5496124,17.833333333333332,17.833333333333332,100.0,9.380952380952381,54.61904761904762
5499182,15.0,12.0,80.0,3.0,20.0
5757000,12.0,11.5,95.0,0.625,4.875
5757012,93.38333333333334,87.45,92.88333333333334,40.983333333333334,41.666666666666664
5757036,165.85714285714286,154.85714285714286,93.0,66.12698412698413,38.25396825396825
5757047,113.11475409836065,106.88524590163935,94.06557377049181,38.08196721311475,33.36065573770492
5757074,16.607142857142858,16.178571428571427,97.92857142857143,6.571428571428571,40.0
5757075,16.29268292682927,15.951219512195122,97.8048780487805,8.658536585365853,53.78048780487805
5757079,30.59259259259259,28.944444444444443,94.61111111111111,9.333333333333334,30.90740740740741
5757100,85.64406779661017,81.64406779661017,94.7457627118644,35.08474576271186,38.86440677966102
5757101,95.76666666666667,90.8,94.2,36.3,34.983333333333334
5796230,23.565217391304348,23.217391304347824,98.3695652173913,16.608695652173914,67.84782608695652
5796491,10.545454545454545,10.545454545454545,100.0,8.727272727272727,82.63636363636364
5798005,15.941176470588236,13.970588235294118,86.55882352941177,3.1470588235294117,21.91176470588235
5799140,16.0,13.461538461538462,84.41025641025641,1.2820512820512822,8.435897435897436
5817008,28.019607843137255,26.941176470588236,96.25490196078431,10.764705882352942,38.84313725490196
5831005,72.3225806451613,65.98387096774194,90.96774193548387,22.467741935483872,29.903225806451612
5898002,16.470588235294116,15.970588235294118,96.91176470588235,6.470588235294118,39.3235294117647
5959008,112.26666666666667,108.2,96.36666666666666,37.43333333333333,31.95
5959011,40.53333333333333,39.2,96.95,14.333333333333334,34.8
5959027,19.62,18.5,93.62,6.66,32.84
596715,10.333333333333334,10.333333333333334,100.0,7.833333333333333,76.0
599156,12.0,5.666666666666667,47.333333333333336,1.0,8.666666666666666
5996252,10.0,9.0,90.0,3.0,30.0
603008,58.76923076923077,56.92307692307692,97.09615384615384,28.826923076923077,49.30769230769231
604015,56.85964912280702,55.526315789473685,97.57894736842105,27.789473684210527,47.6140350877193
6060015,171.9,161.85714285714286,93.42857142857143,62.65714285714286,31.428571428571427
6060039,13.5,13.5,100.0,8.25,62.05
6060060,13.0,12.368421052631579,95.21052631578948,5.473684210526316,40.26315789473684
6098006,20.575,18.4,89.675,7.2,34.675
6161000,11.125,9.0625,80.6875,2.0,17.9375
6161018,96.1304347826087,88.89855072463769,92.47826086956522,40.05797101449275,39.52173913043478
6161024,178.1551724137931,168.82758620689654,94.1896551724138,110.27586206896552,58.39655172413793
6161048,87.1969696969697,80.45454545454545,91.42424242424242,39.92424242424242,40.77272727272727
6161049,152.11940298507463,143.38805970149255,93.49253731343283,90.86567164179104,56.08955223880597
6161057,135.26153846153846,126.87692307692308,93.13846153846154,79.04615384615384,53.95384615384615
6161063,160.54285714285714,151.62857142857143,92.91428571428571,70.27142857142857,38.25714285714286
6161064,111.79245283018868,105.50943396226415,94.0377358490566,60.132075471698116,53.679245283018865
618005,46.357142857142854,45.464285714285715,98.05357142857143,16.982142857142858,35.892857142857146
6196008,117.15384615384616,116.84615384615384,99.6923076923077,107.76923076923077,92.25
6196010,41.4390243902439,41.34146341463415,99.70731707317073,32.02439024390244,76.17073170731707
6196021,52.48,52.18,99.36,40.36,77.16
6196084,64.12,62.86,98.22,46.2,71.84
6196341,58.18,56.56,97.02,32.16,55.38
6196868,12.0,12.0,100.0,11.5,95.0
6199146,20.55,18.1,88.225,4.575,24.15
6262000,11.0,10.0,91.0,1.0,9.0
6262013,220.32394366197184,203.73239436619718,91.78873239436619,90.53521126760563,36.605633802816904
6262033,81.296875,74.859375,91.40625,28.453125,32.8125
6262038,101.28571428571429,92.0,91.42857142857143,61.142857142857146,55.42857142857143
6296461,10.666666666666666,10.333333333333334,96.66666666666667,7.666666666666667,71.0
6299042,18.64,14.12,77.44,1.24,7.4
6299043,15.741935483870968,11.258064516129032,76.7741935483871,2.3870967741935485,17.419354838709676
6299164,20.129032258064516,13.290322580645162,69.74193548387096,3.6774193548387095,19.70967741935484
6363000,18.72222222222222,18.22222222222222,96.61111111111111,6.888888888888889,29.0
6363020,132.47761194029852,122.34328358208955,90.38805970149254,72.1044776119403,47.059701492537314
6363021,177.15,167.91666666666666,93.86666666666666,96.4,48.766666666666666
6363022,109.01754385964912,104.80701754385964,95.7719298245614,54.68421052631579,48.87719298245614
6396767,12.545454545454545,11.545454545454545,92.72727272727273,9.454545454545455,76.36363636363636
6398007,47.12,41.2,89.66,18.14,40.12
6464010,84.89473684210526,79.05263157894737,92.36842105263158,45.80701754385965,52.29824561403509
6715002,164.78571428571428,161.5857142857143,97.3,79.17142857142858,42.6
6715008,83.16923076923077,81.95384615384616,98.23076923076923,39.61538461538461,43.04615384615385
6715016,10.0,7.0,70.0,1.0,10.0
6777002,82.33333333333333,79.4,95.85,40.56666666666667,45.733333333333334
6799203,10.0,7.0,70.0,1.0,10.0
6868000,10.666666666666666,7.666666666666667,72.0,4.0,37.333333333333336
6868001,99.16666666666667,93.3,92.91666666666667,49.85,46.96666666666667
6868002,77.91666666666667,74.18333333333334,94.51666666666667,35.516666666666666,43.166666666666664
6868007,53.16279069767442,51.04651162790697,96.25581395348837,20.930232558139537,39.46511627906977
6868010,163.85245901639345,159.72131147540983,96.60655737704919,96.04918032786885,55.131147540983605
6868011,62.1,55.63333333333333,88.55,20.983333333333334,32.333333333333336
6868013,75.52727272727273,71.36363636363636,93.18181818181819,37.32727272727273,47.67272727272727
6868015,105.98360655737704,103.0,96.04918032786885,55.08196721311475,50.278688524590166
6896256,18.767441860465116,18.3953488372093,98.16279069767442,10.046511627906977,53.51162790697674
6896650,16.914285714285715,14.914285714285715,90.08571428571429,3.257142857142857,19.685714285714287
6896730,12.555555555555555,12.222222222222221,96.66666666666667,9.222222222222221,70.88888888888889
6899114,45.98,31.68,67.9,13.78,29.28
6899165,34.51020408163265,25.510204081632654,72.9795918367347,6.816326530612245,19.612244897959183
6969012,122.12698412698413,116.15873015873017,94.33333333333333,51.142857142857146,39.666666666666664
6969014,94.67213114754098,91.09836065573771,96.39344262295081,45.85245901639344,47.26229508196721
699069,10.0,10.0,100.0,0.0,0.0
699127,12.25,12.25,100.0,2.375,19.375
6999094,26.806451612903224,21.903225806451612,79.6774193548387,8.290322580645162,29.032258064516128
7070001,130.04285714285714,123.47142857142858,93.31428571428572,46.42857142857143,31.814285714285713
7070005,19.5,18.818181818181817,96.3409090909091,7.2272727272727275,36.11363636363637
7097045,10.5,7.0,67.5,0.5,5.0
7097490,10.0,7.5,75.0,2.0,20.0
7099041,14.285714285714286,13.428571428571429,94.85714285714286,0.42857142857142855,2.4285714285714284
7171040,154.31428571428572,148.4,95.38571428571429,66.94285714285714,36.8
7171041,99.97101449275362,95.91304347826087,95.28985507246377,49.05797101449275,45.17391304347826
7171054,99.578125,97.28125,97.265625,50.625,45.140625
7196327,12.666666666666666,12.666666666666666,100.0,8.5,68.33333333333333
7198008,28.653846153846153,26.634615384615383,93.5576923076923,10.211538461538462,36.11538461538461
7272010,119.765625,116.140625,96.8125,48.78125,36.9375
7272012,121.92063492063492,118.80952380952381,97.61904761904762,48.111111111111114,36.58730158730159
7296335,16.5,16.5,100.0,11.63888888888889,72.44444444444444
7324012,177.18333333333334,167.6,94.2,90.73333333333333,48.45
7324014,21.84,21.76,99.68,12.16,55.6
7324035,26.436363636363637,25.436363636363637,96.21818181818182,10.090909090909092,37.054545454545455
7324043,83.73913043478261,79.73913043478261,94.8695652173913,22.652173913043477,25.652173913043477
7324044,122.95384615384616,117.61538461538461,95.0923076923077,42.44615384615385,30.369230769230768
7324045,94.83050847457628,91.03389830508475,96.01694915254237,47.40677966101695,47.49152542372882
7324048,22.346153846153847,21.01923076923077,94.17307692307692,7.903846153846154,35.30769230769231
7324055,84.63333333333334,79.68333333333334,93.66666666666667,33.31666666666667,37.516666666666666
7324057,97.44067796610169,93.83050847457628,95.45762711864407,48.54237288135593,47.440677966101696
7324070,18.8,18.333333333333332,97.0,7.2,36.46666666666667
7326005,27.574074074074073,26.12962962962963,94.42592592592592,10.685185185185185,40.05555555555556
7373080,14.368421052631579,13.736842105263158,96.0,5.157894736842105,38.578947368421055
7396194,34.62,34.24,98.82,21.98,63.98
7396280,17.54054054054054,16.89189189189189,96.8108108108108,8.243243243243244,47.4054054054054
7399042,16.96551724137931,14.827586206896552,87.82758620689656,2.2758620689655173,14.068965517241379
7399103,30.346938775510203,21.591836734693878,73.63265306122449,4.571428571428571,15.489795918367347
7429015,25.322033898305083,22.593220338983052,89.49152542372882,7.203389830508475,28.796610169491526
7430010,13.2,9.2,71.8,0.6,4.2
7430015,14.166666666666666,12.666666666666666,90.16666666666667,3.5,23.5
7430016,21.647058823529413,21.137254901960784,97.33333333333333,5.666666666666667,24.96078431372549
7474018,11.142857142857142,11.142857142857142,100.0,5.0,46.0
7474019,13.75,11.25,81.75,3.75,27.75
7496333,22.304347826086957,22.23913043478261,99.73913043478261,21.065217391304348,93.3695652173913
7496828,11.25,9.5,84.5,3.5,30.75
7575000,14.642857142857142,12.071428571428571,80.28571428571429,2.0,12.714285714285714
7575014,117.28205128205128,108.74358974358974,91.15384615384616,42.05128205128205,30.923076923076923
7575022,77.70967741935483,72.7741935483871,93.58064516129032,22.129032258064516,25.870967741935484
7575033,97.44444444444444,94.66666666666667,97.22222222222223,34.55555555555556,34.44444444444444
7575034,92.92307692307692,87.42307692307692,93.57692307692308,35.42307692307692,35.07692307692308
7575035,67.33333333333333,61.629629629629626,91.25925925925925,23.51851851851852,31.296296296296298
7575036,87.71428571428571,81.9047619047619,93.57142857142857,34.61904761904762,39.42857142857143
7599116,21.263157894736842,16.473684210526315,79.07894736842105,2.210526315789474,12.578947368421053
7599133,20.069767441860463,12.534883720930232,64.16279069767442,5.511627906976744,28.093023255813954
7832003,40.53448275862069,37.827586206896555,93.29310344827586,12.362068965517242,29.810344827586206
7876003,35.07017543859649,33.6140350877193,96.2280701754386,13.333333333333334,37.36842105263158
7897494,11.0,10.0,91.0,3.0,27.0
7965009,153.75,149.51470588235293,96.83823529411765,63.23529411764706,36.61764705882353
7965033,44.32692307692308,42.32692307692308,95.4423076923077,15.692307692307692,36.65384615384615
7965039,128.56666666666666,127.63333333333334,99.26666666666667,96.78333333333333,74.4
7966004,36.8,35.34285714285714,96.17142857142858,7.685714285714286,20.914285714285715
7979000,16.25,16.25,100.0,9.25,57.25
7979044,23.533333333333335,23.266666666666666,99.0,10.333333333333334,44.46666666666667
7996005,98.84615384615384,98.84615384615384,100.0,81.34615384615384,81.4423076923077
7996006,91.0,90.77358490566037,99.79245283018868,67.64150943396227,73.39622641509433
7996017,27.9,27.25,97.525,19.675,69.625
7996086,17.289473684210527,16.86842105263158,97.76315789473684,10.5,60.76315789473684
7996421,28.444444444444443,27.555555555555557,96.88888888888889,20.555555555555557,72.44444444444444
7996711,11.25,11.25,100.0,5.75,51.25
7996812,15.090909090909092,14.090909090909092,93.36363636363636,4.636363636363637,31.90909090909091
7999081,15.818181818181818,13.0,83.9090909090909,2.1363636363636362,12.772727272727273
7999145,11.5,11.5,100.0,8.0,69.5
807012,16.676470588235293,15.588235294117647,93.70588235294117,6.323529411764706,39.529411764705884
807013,114.39344262295081,109.73770491803279,95.62295081967213,56.26229508196721,47.78688524590164
807025,45.333333333333336,44.11764705882353,97.25490196078431,22.529411764705884,50.21568627450981
8181013,40.47457627118644,38.32203389830509,95.16949152542372,11.864406779661017,28.694915254237287
8280002,72.24324324324324,67.67567567567568,92.62162162162163,27.594594594594593,34.945945945945944
8280007,13.823529411764707,12.882352941176471,92.82352941176471,5.529411764705882,40.1764705882353
8282039,56.08695652173913,50.869565217391305,88.91304347826087,26.73913043478261,45.26086956521739
8288006,33.16949152542373,28.440677966101696,86.8135593220339,9.711864406779661,31.677966101694917
8288024,108.74285714285715,98.0,89.18571428571428,37.42857142857143,30.15714285714286
8288025,10.0,10.0,100.0,4.0,40.0
8296183,13.846153846153847,13.846153846153847,100.0,9.0,65.92307692307692
8298009,15.628571428571428,12.571428571428571,79.62857142857143,3.2857142857142856,20.82857142857143
8321004,83.23809523809524,78.9047619047619,93.7936507936508,40.698412698412696,44.888888888888886
8383035,167.81428571428572,161.95714285714286,95.47142857142858,80.37142857142857,42.18571428571428
8389002,36.57692307692308,35.46153846153846,96.71153846153847,15.51923076923077,43.07692307692308
8389010,22.4,21.24,95.38,7.72,36.62
8396240,16.128205128205128,16.128205128205128,100.0,12.487179487179487,76.58974358974359
8396713,16.642857142857142,14.035714285714286,84.82142857142857,11.5,69.25
8396714,15.636363636363637,13.454545454545455,87.63636363636364,12.818181818181818,83.36363636363636
8484012,15.935483870967742,14.451612903225806,91.38709677419355,5.354838709677419,34.83870967741935
8585018,39.067796610169495,37.91525423728814,96.7457627118644,12.796610169491526,32.03389830508475
8585026,24.879310344827587,23.43103448275862,93.67241379310344,6.672413793103448,25.53448275862069
886006,12.5,10.5,83.75,5.25,41.5
886007,65.63157894736842,62.94736842105263,95.49122807017544,25.105263157894736,39.333333333333336
886018,19.073170731707318,19.0,99.51219512195122,10.682926829268293,55.926829268292686
898001,15.227272727272727,14.227272727272727,93.31818181818181,6.090909090909091,40.31818181818182
9156002,21.36842105263158,20.87719298245614,97.63157894736842,7.842105263157895,36.10526315789474
9156007,24.30909090909091,22.90909090909091,93.67272727272727,11.763636363636364,47.10909090909091
9156008,68.91666666666667,65.75,95.04166666666667,24.166666666666668,33.041666666666664
9191023,46.186440677966104,44.69491525423729,96.54237288135593,17.25423728813559,36.33898305084746
9191024,63.666666666666664,62.0,97.58333333333333,35.333333333333336,52.333333333333336
9196232,11.636363636363637,11.636363636363637,100.0,10.0,86.0909090909091
9199085,44.679245283018865,33.490566037735846,74.56603773584905,16.754716981132077,37.924528301886795
9199187,15.5,14.5,94.41666666666667,1.5,9.333333333333334
9199207,13.333333333333334,13.333333333333334,100.0,2.0,15.0
9199209,10.0,10.0,100.0,0.0,0.0
9292007,19.692307692307693,13.884615384615385,67.92307692307692,1.0769230769230769,6.730769230769231
9292013,15.714285714285714,13.0,82.85714285714286,0.8571428571428571,6.428571428571429
9339006,24.307692307692307,22.23076923076923,91.23076923076923,10.153846153846153,41.46153846153846
9343092,13.5,13.0,96.2,8.1,61.0
9346017,12.875,12.875,100.0,11.125,86.25
9357012,10.0,10.0,100.0,7.0,70.0
9361060,20.0,19.558139534883722,98.30232558139535,11.162790697674419,55.674418604651166
9368001,12.0,12.0,100.0,9.0,75.0
9393002,21.42222222222222,19.533333333333335,90.6,8.666666666666666,38.77777777777778
9393004,10.75,10.75,100.0,9.5,88.25
9393005,23.03030303030303,22.636363636363637,97.75757575757575,11.06060606060606,43.666666666666664
9393006,10.0,10.0,100.0,9.0,90.0
