﻿District Number ,District Name,Year,As At Date,FTE Newcomer Refugees ,Newcomer Refugees Funding,FTE ESL Supplement ,ESL Supplement,"Total Funding, Newcomer Refugees "
005,Southeast Kootenay,2010/2011,February 2011,0,0,0,0,0
006,Rocky Mountain,2010/2011,February 2011,0,0,0,0,0
008,Kootenay Lake,2010/2011,February 2011,0,0,0,0,0
010,Arrow Lakes,2010/2011,February 2011,0,0,0,0,0
019,Revelstoke,2010/2011,February 2011,0,0,0,0,0
020,Kootenay-Columbia,2010/2011,February 2011,0,0,0,0,0
022,Vernon,2010/2011,February 2011,0,0,0,0,0
023,Central Okanagan,2010/2011,February 2011,1,3370,1,670,4040
027,Cariboo-Chilcotin,2010/2011,February 2011,0,0,0,0,0
028,Quesnel,2010/2011,February 2011,0,0,0,0,0
033,Chilliwack,2010/2011,February 2011,1,3370,1,670,4040
034,Abbotsford,2010/2011,February 2011,0,0,0,0,0
035,Langley,2010/2011,February 2011,7.125,24011,8,5360,29371
036,Surrey,2010/2011,February 2011,14.25,48023,12,8040,56063
037,Delta,2010/2011,February 2011,0,0,0,0,0
038,Richmond,2010/2011,February 2011,1,3370,1,670,4040
039,Vancouver,2010/2011,February 2011,30.25,101943,28,18760,120703
040,New Westminster,2010/2011,February 2011,13,43810,13,8710,52520
041,Burnaby,2010/2011,February 2011,43.125,145331,39.5,26465,171796
042,Maple Ridge-Pitt Meadows,2010/2011,February 2011,9.875,33279,11,7370,40649
043,Coquitlam,2010/2011,February 2011,32.375,109104,36,24120,133224
044,North Vancouver,2010/2011,February 2011,1,3370,0,0,3370
045,West Vancouver,2010/2011,February 2011,0,0,0,0,0
046,Sunshine Coast,2010/2011,February 2011,0,0,0,0,0
047,Powell River,2010/2011,February 2011,0,0,0,0,0
048,Sea to Sky,2010/2011,February 2011,0,0,0,0,0
049,Central Coast,2010/2011,February 2011,0,0,0,0,0
050,Haida Gwaii,2010/2011,February 2011,0,0,0,0,0
051,Boundary,2010/2011,February 2011,0,0,0,0,0
052,Prince Rupert,2010/2011,February 2011,0,0,0,0,0
053,Okanagan Similkameen,2010/2011,February 2011,0,0,0,0,0
054,Bulkley Valley,2010/2011,February 2011,0,0,0,0,0
057,Prince George,2010/2011,February 2011,0,0,0,0,0
058,Nicola-Similkameen,2010/2011,February 2011,0,0,0,0,0
059,Peace River South,2010/2011,February 2011,0,0,0,0,0
060,Peace River North,2010/2011,February 2011,0,0,0,0,0
061,Greater Victoria,2010/2011,February 2011,2.75,9268,3,2010,11278
062,Sooke,2010/2011,February 2011,1,3370,0,0,3370
063,Saanich,2010/2011,February 2011,0,0,0,0,0
064,Gulf Islands,2010/2011,February 2011,0,0,0,0,0
067,Okanagan Skaha,2010/2011,February 2011,0,0,0,0,0
068,Nanaimo-Ladysmith,2010/2011,February 2011,0,0,0,0,0
069,Qualicum,2010/2011,February 2011,0,0,0,0,0
070,Alberni,2010/2011,February 2011,0,0,0,0,0
071,Comox Valley,2010/2011,February 2011,0,0,0,0,0
072,Campbell River,2010/2011,February 2011,0,0,0,0,0
073,Kamloops/Thompson,2010/2011,February 2011,0,0,0,0,0
074,Gold Trail,2010/2011,February 2011,0,0,0,0,0
075,Mission,2010/2011,February 2011,1.875,6319,1,670,6989
078,Fraser-Cascade,2010/2011,February 2011,0,0,0,0,0
079,Cowichan Valley,2010/2011,February 2011,0,0,0,0,0
081,Fort Nelson,2010/2011,February 2011,0,0,0,0,0
082,Coast Mountains,2010/2011,February 2011,0,0,0,0,0
083,North Okanagan-Shuswap,2010/2011,February 2011,0,0,0,0,0
084,Vancouver Island West,2010/2011,February 2011,0,0,0,0,0
085,Vancouver Island North,2010/2011,February 2011,0,0,0,0,0
087,Stikine,2010/2011,February 2011,0,0,0,0,0
091,Nechako Lakes,2010/2011,February 2011,0,0,0,0,0
092,Nisga'a,2010/2011,February 2011,0,0,0,0,0
093,Conseil scolaire francophone,2010/2011,February 2011,0,0,0,0,0
,Provincial (Public Schools) Totals,2010/2011,February 2011,159.625,537938,154.5,103515,641453
,,,,,,,,
,,,,,,,,
