﻿District Number ,District Name,Year,As At Date,Special Needs Level 1 FTE Growth ,Special Needs Level 1 Funding,Special Needs Level 2 FTE Growth ,Special Needs Level 2 Funding,Special Needs Level 3 FTE Growth ,Special Needs Level 3 Funding,Total Special Needs Enrolment Growth Funding 
005,Southeast Kootenay,2010/2011,February 2011,0,0,0,0,0,0,0
006,Rocky Mountain,2010/2011,February 2011,0,0,0,0,3,13800,13800
008,Kootenay Lake,2010/2011,February 2011,0,0,1,9150,0,0,9150
010,Arrow Lakes,2010/2011,February 2011,0,0,2.5,22875,0,0,22875
019,Revelstoke,2010/2011,February 2011,0,0,0,0,1,4600,4600
020,Kootenay-Columbia,2010/2011,February 2011,0,0,0,0,0,0,0
022,Vernon,2010/2011,February 2011,0,0,2,18300,0,0,18300
023,Central Okanagan,2010/2011,February 2011,0,0,20.5,187575,0,0,187575
027,Cariboo-Chilcotin,2010/2011,February 2011,0,0,4,36600,0,0,36600
028,Quesnel,2010/2011,February 2011,0,0,0,0,10,46000,46000
033,Chilliwack,2010/2011,February 2011,0,0,0.5,4575,0,0,4575
034,Abbotsford,2010/2011,February 2011,0,0,20.5,187575,0,0,187575
035,Langley,2010/2011,February 2011,1,18300,17.5,160125,0,0,178425
036,Surrey,2010/2011,February 2011,0,0,56,512400,0,0,512400
037,Delta,2010/2011,February 2011,1,18300,10,91500,10,46000,155800
038,Richmond,2010/2011,February 2011,1,18300,9,82350,0,0,100650
039,Vancouver,2010/2011,February 2011,0,0,0,0,0,0,0
040,New Westminster,2010/2011,February 2011,0,0,13.5,123525,11,50600,174125
041,Burnaby,2010/2011,February 2011,0,0,0,0,0,0,0
042,Maple Ridge-Pitt Meadows,2010/2011,February 2011,1,18300,17,155550,0,0,173850
043,Coquitlam,2010/2011,February 2011,2,36600,21,192150,0,0,228750
044,North Vancouver,2010/2011,February 2011,0,0,8,73200,36,165600,238800
045,West Vancouver,2010/2011,February 2011,0,0,9,82350,1,4600,86950
046,Sunshine Coast,2010/2011,February 2011,0,0,2,18300,10,46000,64300
047,Powell River,2010/2011,February 2011,0,0,2,18300,0,0,18300
048,Sea to Sky,2010/2011,February 2011,0,0,0,0,0,0,0
049,Central Coast,2010/2011,February 2011,0,0,0,0,0,0,0
050,Haida Gwaii,2010/2011,February 2011,0,0,0,0,0,0,0
051,Boundary,2010/2011,February 2011,0,0,1,9150,2,9200,18350
052,Prince Rupert,2010/2011,February 2011,0,0,0,0,1,4600,4600
053,Okanagan Similkameen,2010/2011,February 2011,0,0,2,18300,0,0,18300
054,Bulkley Valley,2010/2011,February 2011,0,0,0,0,0,0,0
057,Prince George,2010/2011,February 2011,0,0,8.5,77775,0,0,77775
058,Nicola-Similkameen,2010/2011,February 2011,0,0,2,18300,0,0,18300
059,Peace River South,2010/2011,February 2011,0,0,0,0,5.5,25300,25300
060,Peace River North,2010/2011,February 2011,0,0,0,0,0,0,0
061,Greater Victoria,2010/2011,February 2011,0,0,4,36600,0,0,36600
062,Sooke,2010/2011,February 2011,0,0,5,45750,0,0,45750
063,Saanich,2010/2011,February 2011,1,18300,0,0,0,0,18300
064,Gulf Islands,2010/2011,February 2011,0,0,0,0,3,13800,13800
067,Okanagan Skaha,2010/2011,February 2011,0,0,8,73200,0,0,73200
068,Nanaimo-Ladysmith,2010/2011,February 2011,0,0,0,0,0,0,0
069,Qualicum,2010/2011,February 2011,0,0,4,36600,0,0,36600
070,Alberni,2010/2011,February 2011,0,0,12.5,114375,0,0,114375
071,Comox Valley,2010/2011,February 2011,0,0,14.5,132675,9,41400,174075
072,Campbell River,2010/2011,February 2011,0,0,0,0,3,13800,13800
073,Kamloops/Thompson,2010/2011,February 2011,0,0,16,146400,0,0,146400
074,Gold Trail,2010/2011,February 2011,0,0,4,36600,0,0,36600
075,Mission,2010/2011,February 2011,0,0,0,0,6,27600,27600
078,Fraser-Cascade,2010/2011,February 2011,0,0,0,0,0,0,0
079,Cowichan Valley,2010/2011,February 2011,0,0,0,0,16,73600,73600
081,Fort Nelson,2010/2011,February 2011,0,0,1,9150,4,18400,27550
082,Coast Mountains,2010/2011,February 2011,0,0,15.5,141825,9,41400,183225
083,North Okanagan-Shuswap,2010/2011,February 2011,0,0,9.5,86925,0,0,86925
084,Vancouver Island West,2010/2011,February 2011,0,0,0,0,0,0,0
085,Vancouver Island North,2010/2011,February 2011,1,18300,0,0,0,0,18300
087,Stikine,2010/2011,February 2011,0,0,0,0,0,0,0
091,Nechako Lakes,2010/2011,February 2011,0,0,3,27450,0,0,27450
092,Nisga'a,2010/2011,February 2011,0,0,0,0,1,4600,4600
093,Conseil scolaire francophone,2010/2011,February 2011,0,0,0,0,0,0,0
,Provincial (Public Schools) Totals,2010/2011,February 2011,8,146400,326.5,2987475,141.5,650900,3784775
,,,,,,,,,,
,,,,,,,,,,
