﻿District Number,District Name,Year,Funded FTE Type,As at Sept 2010,As at July 2010,As at February 2011,As at May 2011,Total 2010/11
005,Southeast Kootenay,2010/2011,School-Age Funded FTE Enrolment,5238.625,14.75,37.875,31.75,5323
006,Rocky Mountain,2010/2011,School-Age Funded FTE Enrolment,3146.6875,0,20.5,15.375,3182.5625
008,Kootenay Lake,2010/2011,School-Age Funded FTE Enrolment,4939.5,0,39.625,30.5,5009.625
010,Arrow Lakes,2010/2011,School-Age Funded FTE Enrolment,559.5625,0,9.125,0.125,568.8125
019,Revelstoke,2010/2011,School-Age Funded FTE Enrolment,988.0625,0,0,0,988.0625
020,Kootenay-Columbia,2010/2011,School-Age Funded FTE Enrolment,3875.125,0,2.625,2.875,3880.625
022,Vernon,2010/2011,School-Age Funded FTE Enrolment,8345.3125,14.125,57.125,20.375,8436.9375
023,Central Okanagan,2010/2011,School-Age Funded FTE Enrolment,21548.6875,0,151.5,58.6875,21758.875
027,Cariboo-Chilcotin,2010/2011,School-Age Funded FTE Enrolment,5262.25,0,26,17.625,5305.875
028,Quesnel,2010/2011,School-Age Funded FTE Enrolment,3423.375,8.9375,37.875,22.875,3493.0625
033,Chilliwack,2010/2011,School-Age Funded FTE Enrolment,12488.5,66.5,265.25,132,12952.25
034,Abbotsford,2010/2011,School-Age Funded FTE Enrolment,18704.5,155.1875,92.5625,91,19043.25
035,Langley,2010/2011,School-Age Funded FTE Enrolment,18369.5,86.1875,66.875,28.4375,18551
036,Surrey,2010/2011,School-Age Funded FTE Enrolment,66483.1254,990,353.75,241.125,68068.0004
037,Delta,2010/2011,School-Age Funded FTE Enrolment,15641.3758,196.5,35.375,39.75,15913.0008
038,Richmond,2010/2011,School-Age Funded FTE Enrolment,21778.75,371.625,76.75,19.125,22246.25
039,Vancouver,2010/2011,School-Age Funded FTE Enrolment,52873.0625,1852.9375,660.875,227.1875,55614.0625
040,New Westminster,2010/2011,School-Age Funded FTE Enrolment,6068.875,69.875,62.5,25.625,6226.875
041,Burnaby,2010/2011,School-Age Funded FTE Enrolment,23567.125,953.125,99.375,36,24655.625
042,Maple Ridge-Pitt Meadows,2010/2011,School-Age Funded FTE Enrolment,13968.5,51.625,71.9375,29.125,14121.1875
043,Coquitlam,2010/2011,School-Age Funded FTE Enrolment,30032.9375,422.375,181.125,92.875,30729.3125
044,North Vancouver,2010/2011,School-Age Funded FTE Enrolment,15340.0004,115.3125,86.4375,22.3125,15564.0629
045,West Vancouver,2010/2011,School-Age Funded FTE Enrolment,6484.875,62.6875,0,0,6547.5625
046,Sunshine Coast,2010/2011,School-Age Funded FTE Enrolment,3199.5625,0,13.625,4.5,3217.6875
047,Powell River,2010/2011,School-Age Funded FTE Enrolment,2126.25,36.5,22,11.375,2196.125
048,Sea to Sky,2010/2011,School-Age Funded FTE Enrolment,4007.625,32.25,17.25,18.125,4075.25
049,Central Coast,2010/2011,School-Age Funded FTE Enrolment,226.75,0,0,0,226.75
050,Haida Gwaii,2010/2011,School-Age Funded FTE Enrolment,652.125,0,0,0,652.125
051,Boundary,2010/2011,School-Age Funded FTE Enrolment,1373.4375,0,0,0,1373.4375
052,Prince Rupert,2010/2011,School-Age Funded FTE Enrolment,2245.25,0,0,0,2245.25
053,Okanagan Similkameen,2010/2011,School-Age Funded FTE Enrolment,2352.5,0,26.375,17.375,2396.25
054,Bulkley Valley,2010/2011,School-Age Funded FTE Enrolment,2360,0,10.625,2.25,2372.875
057,Prince George,2010/2011,School-Age Funded FTE Enrolment,13399.25,32.125,33.75,22.75,13487.875
058,Nicola-Similkameen,2010/2011,School-Age Funded FTE Enrolment,2395.3125,14,43.5,25.75,2478.5625
059,Peace River South,2010/2011,School-Age Funded FTE Enrolment,4016.375,0,13.125,28,4057.5
060,Peace River North,2010/2011,School-Age Funded FTE Enrolment,5410.4375,0,69.125,55.875,5535.4375
061,Greater Victoria,2010/2011,School-Age Funded FTE Enrolment,18761.6599,92.1875,74.125,58.875,18986.8474
062,Sooke,2010/2011,School-Age Funded FTE Enrolment,8712.75,0,74.125,27.5625,8814.4375
063,Saanich,2010/2011,School-Age Funded FTE Enrolment,7309.0625,0,170.2188,118.25,7597.5313
064,Gulf Islands,2010/2011,School-Age Funded FTE Enrolment,1485.375,0,0,0,1485.375
067,Okanagan Skaha,2010/2011,School-Age Funded FTE Enrolment,6193.0625,43.8125,35.75,16.25,6288.875
068,Nanaimo-Ladysmith,2010/2011,School-Age Funded FTE Enrolment,13604.1875,10.25,152.875,58.75,13826.0625
069,Qualicum,2010/2011,School-Age Funded FTE Enrolment,4192.1875,14.875,40.3125,33.25,4280.625
070,Alberni,2010/2011,School-Age Funded FTE Enrolment,4009.0625,31.0625,33.25,39.5,4112.875
071,Comox Valley,2010/2011,School-Age Funded FTE Enrolment,8169.25,3.5,126.375,99.875,8399
072,Campbell River,2010/2011,School-Age Funded FTE Enrolment,5254.75,51.9375,50.375,30.125,5387.1875
073,Kamloops/Thompson,2010/2011,School-Age Funded FTE Enrolment,14072.0625,54.25,123,198.75,14448.0625
074,Gold Trail,2010/2011,School-Age Funded FTE Enrolment,1312.125,0,9.9375,5.6875,1327.75
075,Mission,2010/2011,School-Age Funded FTE Enrolment,6109.5625,12.5,85.75,45.25,6253.0625
078,Fraser-Cascade,2010/2011,School-Age Funded FTE Enrolment,1817.3125,5.5,0,0,1822.8125
079,Cowichan Valley,2010/2011,School-Age Funded FTE Enrolment,8166,8.875,13.375,5.625,8193.875
081,Fort Nelson,2010/2011,School-Age Funded FTE Enrolment,857.1875,0,0,0,857.1875
082,Coast Mountains,2010/2011,School-Age Funded FTE Enrolment,4937.125,0,60.25,27.625,5025
083,North Okanagan-Shuswap,2010/2011,School-Age Funded FTE Enrolment,6596.0012,0,35.5,8.875,6640.3762
084,Vancouver Island West,2010/2011,School-Age Funded FTE Enrolment,435.8126,0,0,0.5,436.3126
085,Vancouver Island North,2010/2011,School-Age Funded FTE Enrolment,1513.625,0,5.25,4.375,1523.25
087,Stikine,2010/2011,School-Age Funded FTE Enrolment,192.5,0,0,0,192.5
091,Nechako Lakes,2010/2011,School-Age Funded FTE Enrolment,4309.25,0,213.375,74.0625,4596.6875
092,Nisga'a,2010/2011,School-Age Funded FTE Enrolment,404.8125,14.125,1,0.25,420.1875
093,Conseil scolaire francophone,2010/2011,School-Age Funded FTE Enrolment,4397.625,0,31.25,31.125,4460
Public Only,Provincial Totals,2010/2011,School-Age Funded FTE Enrolment,535705.5378,5889.5,4020.5313,2255.3125,547870.8816
005,Southeast Kootenay,2010/2011,Adult Funded FTEs,1.5,0,0.125,3.5,5.125
006,Rocky Mountain,2010/2011,Adult Funded FTEs,2.75,0,2.75,3.25,8.75
008,Kootenay Lake,2010/2011,Adult Funded FTEs,14.25,0,5,2.25,21.5
010,Arrow Lakes,2010/2011,Adult Funded FTEs,0,0,0.625,0,0.625
019,Revelstoke,2010/2011,Adult Funded FTEs,0.375,0,0,0,0.375
020,Kootenay-Columbia,2010/2011,Adult Funded FTEs,20,0,11.375,11.5,42.875
022,Vernon,2010/2011,Adult Funded FTEs,8,0,16,5.375,29.375
023,Central Okanagan,2010/2011,Adult Funded FTEs,18.75,0,13.625,7.625,40
027,Cariboo-Chilcotin,2010/2011,Adult Funded FTEs,24.375,0,32.5,14.625,71.5
028,Quesnel,2010/2011,Adult Funded FTEs,20.5,0,78.125,43.625,142.25
033,Chilliwack,2010/2011,Adult Funded FTEs,95.375,0,64.5,38.5625,198.4375
034,Abbotsford,2010/2011,Adult Funded FTEs,16.25,0,43.5,25.1875,84.9375
035,Langley,2010/2011,Adult Funded FTEs,36.25,0,30.375,18.9375,85.5625
036,Surrey,2010/2011,Adult Funded FTEs,304.5,0,428.5,453.25,1186.25
037,Delta,2010/2011,Adult Funded FTEs,52.375,0,71.875,59.375,183.625
038,Richmond,2010/2011,Adult Funded FTEs,53.5,0,88.75,25.625,167.875
039,Vancouver,2010/2011,Adult Funded FTEs,588.625,0,654.3125,275.8125,1518.75
040,New Westminster,2010/2011,Adult Funded FTEs,256,0,264.75,91.75,612.5
041,Burnaby,2010/2011,Adult Funded FTEs,94.875,0,76.25,68.875,240
042,Maple Ridge-Pitt Meadows,2010/2011,Adult Funded FTEs,57,0,61.9375,40.4375,159.375
043,Coquitlam,2010/2011,Adult Funded FTEs,82.8125,0,99.25,51.25,233.3125
044,North Vancouver,2010/2011,Adult Funded FTEs,24.9375,0,55.5,31.0625,111.5
045,West Vancouver,2010/2011,Adult Funded FTEs,2.125,0,0,0,2.125
046,Sunshine Coast,2010/2011,Adult Funded FTEs,6,0,5.5,2.9375,14.4375
047,Powell River,2010/2011,Adult Funded FTEs,18.25,0,0,0.125,18.375
048,Sea to Sky,2010/2011,Adult Funded FTEs,6.0625,0,0.625,0.75,7.4375
049,Central Coast,2010/2011,Adult Funded FTEs,5,0,0,0,5
050,Haida Gwaii,2010/2011,Adult Funded FTEs,10.125,0,0,0,10.125
051,Boundary,2010/2011,Adult Funded FTEs,1.875,0,0,0,1.875
052,Prince Rupert,2010/2011,Adult Funded FTEs,17.375,0,0,0,17.375
053,Okanagan Similkameen,2010/2011,Adult Funded FTEs,4.75,0,21.4375,10.125,36.3125
054,Bulkley Valley,2010/2011,Adult Funded FTEs,4.625,0,0,0.625,5.25
057,Prince George,2010/2011,Adult Funded FTEs,76.75,0,105.875,48.25,230.875
058,Nicola-Similkameen,2010/2011,Adult Funded FTEs,25.875,0,20.6875,6.125,52.6875
059,Peace River South,2010/2011,Adult Funded FTEs,8,0,0.25,0.375,8.625
060,Peace River North,2010/2011,Adult Funded FTEs,17.625,0,9.375,3.125,30.125
061,Greater Victoria,2010/2011,Adult Funded FTEs,61,0,78.125,37.25,176.375
062,Sooke,2010/2011,Adult Funded FTEs,55.625,0,38.375,23,117
063,Saanich,2010/2011,Adult Funded FTEs,59.5,0,46.1875,28.5625,134.25
064,Gulf Islands,2010/2011,Adult Funded FTEs,30.9375,0,0,0,30.9375
067,Okanagan Skaha,2010/2011,Adult Funded FTEs,30.875,0,8.625,0.5,40
068,Nanaimo-Ladysmith,2010/2011,Adult Funded FTEs,21.625,0,25.625,11.125,58.375
069,Qualicum,2010/2011,Adult Funded FTEs,2.375,0,4.8125,3.625,10.8125
070,Alberni,2010/2011,Adult Funded FTEs,36.625,0,15.625,11,63.25
071,Comox Valley,2010/2011,Adult Funded FTEs,47.6875,0,17.125,13.75,78.5625
072,Campbell River,2010/2011,Adult Funded FTEs,8.625,0,18.25,5.875,32.75
073,Kamloops/Thompson,2010/2011,Adult Funded FTEs,57.75,0,70.375,42.25,170.375
074,Gold Trail,2010/2011,Adult Funded FTEs,6.625,0,3.5,0.875,11
075,Mission,2010/2011,Adult Funded FTEs,20.375,0,12.125,10.375,42.875
078,Fraser-Cascade,2010/2011,Adult Funded FTEs,19.875,0,0,0,19.875
079,Cowichan Valley,2010/2011,Adult Funded FTEs,20,0,52.875,26.875,99.75
081,Fort Nelson,2010/2011,Adult Funded FTEs,3.125,0,0,0,3.125
082,Coast Mountains,2010/2011,Adult Funded FTEs,15.875,0,19.625,4.125,39.625
083,North Okanagan-Shuswap,2010/2011,Adult Funded FTEs,121.125,0,1.75,0.75,123.625
084,Vancouver Island West,2010/2011,Adult Funded FTEs,3.75,0,0.625,1.75,6.125
085,Vancouver Island North,2010/2011,Adult Funded FTEs,7.5,0,0,0.125,7.625
087,Stikine,2010/2011,Adult Funded FTEs,9,0,0,0,9
091,Nechako Lakes,2010/2011,Adult Funded FTEs,301.25,0,8.75,4.75,314.75
092,Nisga'a,2010/2011,Adult Funded FTEs,8.375,0,8.375,3.625,20.375
093,Conseil scolaire francophone,2010/2011,Adult Funded FTEs,3.75,0,1.125,1.125,6
,Province (Public Schools)Totals,2010/2011,Adult Funded FTEs,2930.6875,0,2695.25,1575.625,7201.5625
005,Southeast Kootenay,2010/2011,Total SchlAge & Adult FTEs,5240.125,14.75,38,35.25,5328.125
006,Rocky Mountain,2010/2011,Total SchlAge & Adult FTEs,3149.4375,0,23.25,18.625,3191.3125
008,Kootenay Lake,2010/2011,Total SchlAge & Adult FTEs,4953.75,0,44.625,32.75,5031.125
010,Arrow Lakes,2010/2011,Total SchlAge & Adult FTEs,559.5625,0,9.75,0.125,569.4375
019,Revelstoke,2010/2011,Total SchlAge & Adult FTEs,988.4375,0,0,0,988.4375
020,Kootenay-Columbia,2010/2011,Total SchlAge & Adult FTEs,3895.125,0,14,14.375,3923.5
022,Vernon,2010/2011,Total SchlAge & Adult FTEs,8353.3125,14.125,73.125,25.75,8466.3125
023,Central Okanagan,2010/2011,Total SchlAge & Adult FTEs,21567.4375,0,165.125,66.3125,21798.875
027,Cariboo-Chilcotin,2010/2011,Total SchlAge & Adult FTEs,5286.625,0,58.5,32.25,5377.375
028,Quesnel,2010/2011,Total SchlAge & Adult FTEs,3443.875,8.9375,116,66.5,3635.3125
033,Chilliwack,2010/2011,Total SchlAge & Adult FTEs,12583.875,66.5,329.75,170.5625,13150.6875
034,Abbotsford,2010/2011,Total SchlAge & Adult FTEs,18720.75,155.1875,136.0625,116.1875,19128.1875
035,Langley,2010/2011,Total SchlAge & Adult FTEs,18405.75,86.1875,97.25,47.375,18636.5625
036,Surrey,2010/2011,Total SchlAge & Adult FTEs,66787.6254,990,782.25,694.375,69254.2504
037,Delta,2010/2011,Total SchlAge & Adult FTEs,15693.7508,196.5,107.25,99.125,16096.6258
038,Richmond,2010/2011,Total SchlAge & Adult FTEs,21832.25,371.625,165.5,44.75,22414.125
039,Vancouver,2010/2011,Total SchlAge & Adult FTEs,53461.6875,1852.9375,1315.1875,503,57132.8125
040,New Westminster,2010/2011,Total SchlAge & Adult FTEs,6324.875,69.875,327.25,117.375,6839.375
041,Burnaby,2010/2011,Total SchlAge & Adult FTEs,23662,953.125,175.625,104.875,24895.625
042,Maple Ridge-Pitt Meadows,2010/2011,Total SchlAge & Adult FTEs,14025.5,51.625,133.875,69.5625,14280.5625
043,Coquitlam,2010/2011,Total SchlAge & Adult FTEs,30115.75,422.375,280.375,144.125,30962.625
044,North Vancouver,2010/2011,Total SchlAge & Adult FTEs,15364.9379,115.3125,141.9375,53.375,15675.5629
045,West Vancouver,2010/2011,Total SchlAge & Adult FTEs,6487,62.6875,0,0,6549.6875
046,Sunshine Coast,2010/2011,Total SchlAge & Adult FTEs,3205.5625,0,19.125,7.4375,3232.125
047,Powell River,2010/2011,Total SchlAge & Adult FTEs,2144.5,36.5,22,11.5,2214.5
048,Sea to Sky,2010/2011,Total SchlAge & Adult FTEs,4013.6875,32.25,17.875,18.875,4082.6875
049,Central Coast,2010/2011,Total SchlAge & Adult FTEs,231.75,0,0,0,231.75
050,Haida Gwaii,2010/2011,Total SchlAge & Adult FTEs,662.25,0,0,0,662.25
051,Boundary,2010/2011,Total SchlAge & Adult FTEs,1375.3125,0,0,0,1375.3125
052,Prince Rupert,2010/2011,Total SchlAge & Adult FTEs,2262.625,0,0,0,2262.625
053,Okanagan Similkameen,2010/2011,Total SchlAge & Adult FTEs,2357.25,0,47.8125,27.5,2432.5625
054,Bulkley Valley,2010/2011,Total SchlAge & Adult FTEs,2364.625,0,10.625,2.875,2378.125
057,Prince George,2010/2011,Total SchlAge & Adult FTEs,13476,32.125,139.625,71,13718.75
058,Nicola-Similkameen,2010/2011,Total SchlAge & Adult FTEs,2421.1875,14,64.1875,31.875,2531.25
059,Peace River South,2010/2011,Total SchlAge & Adult FTEs,4024.375,0,13.375,28.375,4066.125
060,Peace River North,2010/2011,Total SchlAge & Adult FTEs,5428.0625,0,78.5,59,5565.5625
061,Greater Victoria,2010/2011,Total SchlAge & Adult FTEs,18822.6599,92.1875,152.25,96.125,19163.2224
062,Sooke,2010/2011,Total SchlAge & Adult FTEs,8768.375,0,112.5,50.5625,8931.4375
063,Saanich,2010/2011,Total SchlAge & Adult FTEs,7368.5625,0,216.4063,146.8125,7731.7813
064,Gulf Islands,2010/2011,Total SchlAge & Adult FTEs,1516.3125,0,0,0,1516.3125
067,Okanagan Skaha,2010/2011,Total SchlAge & Adult FTEs,6223.9375,43.8125,44.375,16.75,6328.875
068,Nanaimo-Ladysmith,2010/2011,Total SchlAge & Adult FTEs,13625.8125,10.25,178.5,69.875,13884.4375
069,Qualicum,2010/2011,Total SchlAge & Adult FTEs,4194.5625,14.875,45.125,36.875,4291.4375
070,Alberni,2010/2011,Total SchlAge & Adult FTEs,4045.6875,31.0625,48.875,50.5,4176.125
071,Comox Valley,2010/2011,Total SchlAge & Adult FTEs,8216.9375,3.5,143.5,113.625,8477.5625
072,Campbell River,2010/2011,Total SchlAge & Adult FTEs,5263.375,51.9375,68.625,36,5419.9375
073,Kamloops/Thompson,2010/2011,Total SchlAge & Adult FTEs,14129.8125,54.25,193.375,241,14618.4375
074,Gold Trail,2010/2011,Total SchlAge & Adult FTEs,1318.75,0,13.4375,6.5625,1338.75
075,Mission,2010/2011,Total SchlAge & Adult FTEs,6129.9375,12.5,97.875,55.625,6295.9375
078,Fraser-Cascade,2010/2011,Total SchlAge & Adult FTEs,1837.1875,5.5,0,0,1842.6875
079,Cowichan Valley,2010/2011,Total SchlAge & Adult FTEs,8186,8.875,66.25,32.5,8293.625
081,Fort Nelson,2010/2011,Total SchlAge & Adult FTEs,860.3125,0,0,0,860.3125
082,Coast Mountains,2010/2011,Total SchlAge & Adult FTEs,4953,0,79.875,31.75,5064.625
083,North Okanagan-Shuswap,2010/2011,Total SchlAge & Adult FTEs,6717.1262,0,37.25,9.625,6764.0012
084,Vancouver Island West,2010/2011,Total SchlAge & Adult FTEs,439.5626,0,0.625,2.25,442.4376
085,Vancouver Island North,2010/2011,Total SchlAge & Adult FTEs,1521.125,0,5.25,4.5,1530.875
087,Stikine,2010/2011,Total SchlAge & Adult FTEs,201.5,0,0,0,201.5
091,Nechako Lakes,2010/2011,Total SchlAge & Adult FTEs,4610.5,0,222.125,78.8125,4911.4375
092,Nisga'a,2010/2011,Total SchlAge & Adult FTEs,413.1875,14.125,9.375,3.875,440.5625
093,Conseil scolaire francophone,2010/2011,Total SchlAge & Adult FTEs,4401.375,0,32.375,32.25,4466
,Provincial (Public Schools) Totals,2010/2011,Total SchlAge & Adult FTEs,538636.2253,5889.5,6715.7813,3830.9375,555072.4441
